{"generation": [1, 2, 3, 4, 5, 6, 7, 8, 9, 10, 11, 12, 13, 14, 15, 16, 17, 18, 19, 20, 21, 22, 23, 24, 25, 26, 27, 28, 29, 30, 31, 32, 33, 34, 35, 36, 37, 38, 39, 40, 41, 42, 43, 44, 45, 46, 47, 48, 49, 50, 51, 52, 53, 54, 55, 56, 57, 58, 59, 60, 61, 62, 63, 64, 65, 66, 67, 68, 69, 70, 71, 72, 73, 74, 75, 76, 77, 78, 79, 80, 81, 82, 83, 84, 85, 86, 87, 88, 89, 90, 91, 92, 93, 94, 95, 96, 97, 98, 99, 100, 101, 102, 103, 104, 105, 106, 107, 108, 109, 110, 111, 112, 113, 114, 115, 116, 117, 118, 119, 120, 121, 122, 123, 124, 125, 126, 127, 128, 129, 130], "loss": [150.67063145896262, 139.08230969747143, 132.02924558673564, 123.5987342326064, 117.11230222998773, 111.73738648394108, 108.72467614046684, 105.00108102457874, 100.50835637439972, 96.14467785366803, 93.29176622181978, 89.19069587674184, 86.58369124205976, 82.46701009070314, 79.97620920519903, 77.95568176543215, 75.20703381853637, 71.97101240266345, 69.14767927450119, 67.94880712944156, 67.03193064205658, 65.7410329464162, 64.43319751524473, 62.5881828411262, 61.86104238336489, 61.039998253416215, 59.86351647844644, 58.99885233777285, 57.512415719093795, 56.83374288981074, 55.942843407598225, 55.149178601646355, 54.38684052842351, 53.40527113161197, 52.21408062000676, 51.76784615332006, 51.653031501779154, 51.39175698105547, 51.075538196723, 50.92459545530525, 50.69473150333192, 50.34545474275638, 50.34545474275638, 50.34545474275638, 50.34545474275638, 50.34545474275638, 50.34545474275638, 50.34545474275638, 50.147012297626354, 50.147012297626354, 50.147012297626354, 49.997386329539566, 49.997386329539566, 49.997386329539566, 49.63249931207922, 49.44371331365695, 49.44371331365695, 49.438212723250544, 49.438212723250544, 49.438212723250544, 49.438212723250544, 49.438212723250544, 49.438212723250544, 49.438212723250544, 49.438212723250544, 49.438212723250544, 49.438212723250544, 49.438212723250544, 49.42637148703883, 49.36451370237639, 49.36451370237639, 49.36451370237639, 49.36451370237639, 49.36451370237639, 49.36451370237639, 49.36451370237639, 49.36451370237639, 49.36451370237639, 49.36451370237639, 49.36451370237639, 49.36451370237639, 49.36451370237639, 49.36451370237639, 48.42468363532286, 48.42468363532286, 48.42468363532286, 48.42468363532286, 48.42468363532286, 48.42468363532286, 48.42468363532286, 48.42468363532286, 48.42468363532286, 48.05181336905994, 48.05181336905994, 48.05181336905994, 47.779988151904966, 47.779988151904966, 47.779988151904966, 47.779988151904966, 47.779988151904966, 47.779988151904966, 47.779988151904966, 47.38751781409109, 47.38751781409109, 47.38751781409109, 47.38751781409109, 47.38751781409109, 47.38751781409109, 47.38751781409109, 47.30396126937172, 47.30396126937172, 47.30396126937172, 47.30396126937172, 47.30396126937172, 47.30396126937172, 47.30396126937172, 47.30396126937172, 47.30396126937172, 47.30396126937172, 47.30396126937172, 47.30396126937172, 47.30396126937172, 47.30396126937172, 47.30396126937172, 47.30396126937172, 47.30396126937172, 47.30396126937172, 47.30396126937172, 47.30396126937172, 47.30396126937172], "delta": [150.67063145896262, 11.588321761491187, 7.053064110735789, 8.430511354129237, 6.48643200261867, 5.3749157460466535, 3.0127103434742395, 3.723595115888102, 4.492724650179014, 4.363678520731696, 2.8529116318482437, 4.101070345077943, 2.6070046346820845, 4.116681151356616, 2.4908008855041146, 2.02052743976688, 2.7486479468957725, 3.2360214158729264, 2.823333128162261, 1.1988721450596245, 0.9168764873849824, 1.290897695640382, 1.307835431171469, 1.8450146741185307, 0.7271404577613083, 0.8210441299486746, 1.1764817749697727, 0.8646641406735895, 1.4864366186790576, 0.6786728292830517, 0.890899482212518, 0.7936648059518703, 0.7623380732228426, 0.981569396811544, 1.1911905116052068, 0.44623446668670397, 0.11481465154090387, 0.2612745207236813, 0.3162187843324702, 0.15094274141775088, 0.22986395197332854, 0.3492767605755418, 0.0, 0.0, 0.0, 0.0, 0.0, 0.0, 0.19844244513002707, 0.0, 0.0, 0.14962596808678796, 0.0, 0.0, 0.36488701746034735, 0.18878599842226862, 0.0, 0.005500590406406047, 0.0, 0.0, 0.0, 0.0, 0.0, 0.0, 0.0, 0.0, 0.0, 0.0, 0.011841236211715511, 0.06185778466243619, 0.0, 0.0, 0.0, 0.0, 0.0, 0.0, 0.0, 0.0, 0.0, 0.0, 0.0, 0.0, 0.0, 0.9398300670535349, 0.0, 0.0, 0.0, 0.0, 0.0, 0.0, 0.0, 0.0, 0.37287026626291464, 0.0, 0.0, 0.27182521715497643, 0.0, 0.0, 0.0, 0.0, 0.0, 0.0, 0.39247033781387586, 0.0, 0.0, 0.0, 0.0, 0.0, 0.0, 0.08355654471937157, 0.0, 0.0, 0.0, 0.0, 0.0, 0.0, 0.0, 0.0, 0.0, 0.0, 0.0, 0.0, 0.0, 0.0, 0.0, 0.0, 0.0, 0.0, 0.0, 0.0]}