{"generation": [1, 2, 3, 4, 5, 6, 7, 8, 9, 10, 11, 12, 13, 14, 15, 16, 17, 18, 19, 20, 21, 22, 23, 24, 25, 26, 27, 28, 29, 30, 31, 32, 33, 34, 35, 36, 37, 38, 39, 40, 41, 42, 43, 44, 45, 46, 47, 48, 49, 50, 51, 52, 53, 54, 55, 56, 57, 58, 59, 60, 61, 62, 63, 64, 65, 66, 67, 68, 69, 70, 71, 72, 73, 74, 75, 76, 77, 78, 79, 80, 81, 82, 83, 84, 85, 86, 87, 88, 89, 90, 91, 92, 93, 94, 95, 96, 97, 98, 99, 100, 101, 102, 103, 104, 105, 106, 107, 108, 109, 110, 111, 112, 113, 114, 115, 116, 117, 118, 119, 120, 121, 122, 123, 124, 125, 126, 127, 128, 129, 130, 131, 132, 133, 134, 135, 136, 137, 138, 139, 140, 141, 142, 143, 144, 145, 146, 147, 148, 149, 150, 151, 152, 153, 154, 155, 156, 157, 158, 159, 160, 161, 162, 163, 164, 165], "loss": [149.93378629244145, 136.73760817233344, 129.17108376134954, 122.25227855792173, 115.69025272345483, 109.67996675539791, 105.65376804228686, 100.59031703021192, 95.40368773082552, 91.03425953141758, 86.64846724072797, 85.12422011419366, 83.79041380427691, 81.67564121235537, 79.31389521135581, 76.61795355407591, 75.99391854846591, 74.22703339119033, 71.17349918853621, 70.44375496180898, 69.67216627221302, 68.41577353316971, 66.26186037555232, 65.88998970928469, 64.94831070956407, 64.35513845377754, 62.79053453664002, 62.15942431823162, 61.501332597724144, 59.818864514548096, 59.120672376208354, 57.87203510464106, 56.92579709196986, 56.1174275947913, 54.438676627435434, 53.61443434525413, 52.003960070617794, 51.89649208761944, 51.20719156614962, 50.851010777109245, 50.082950257950266, 49.329845259497624, 48.40076570465727, 47.2123731087528, 46.56158172170754, 46.11977132652776, 45.29923212330161, 44.98258166346993, 44.275227093486, 43.69340143893527, 43.69340143893527, 43.489667124631055, 43.10441991238994, 42.89045678081768, 42.7434496885989, 42.239488885230614, 41.94826360983874, 41.40866763828165, 40.96749362885189, 40.77611602740379, 40.56090169014998, 40.37655987333327, 40.08845635505409, 40.06150792334206, 39.83418552964688, 39.501336294095054, 39.15627985565387, 38.82343062010211, 38.445075331698646, 38.2552353061397, 37.87688001773628, 37.82457788382901, 37.52178217531122, 37.469480041403955, 37.16369159133648, 37.163691591336466, 37.02956010101489, 36.982084336665196, 36.9464019769202, 36.79202790080199, 36.74227416215944, 36.560666907488184, 36.560666907488184, 36.49222851707078, 36.39147621822696, 36.39147621822696, 36.33470483439869, 36.250548751480835, 36.14820881132745, 36.14820881132745, 36.14820881132745, 35.90475497621139, 35.90475497621136, 35.72314772154009, 35.58540027443817, 35.47428635311948, 35.44306498859339, 35.44306498859339, 35.19017930962804, 35.19017930962804, 35.19017930962804, 35.1097398587282, 35.1097398587282, 35.1097398587282, 35.1097398587282, 35.1097398587282, 35.1097398587282, 35.1097398587282, 35.09651355236602, 35.09651355236602, 35.09651355236602, 35.09651355236602, 35.09651355236602, 35.09651355236602, 35.09651355236602, 34.9871959800501, 34.9871959800501, 34.9871959800501, 34.9871959800501, 34.9871959800501, 34.9871959800501, 34.9871959800501, 34.9871959800501, 34.9871959800501, 34.9871959800501, 34.9871959800501, 34.93699887210587, 34.93699887210587, 34.93699887210587, 34.93699887210587, 34.93699887210587, 34.93699887210587, 34.93699887210587, 34.93699887210587, 34.93699887210587, 34.93699887210587, 34.93699887210587, 34.93699887210587, 34.93699887210587, 34.93699887210587, 34.93699887210587, 34.93699887210587, 34.93699887210587, 34.93699887210587, 34.82496634553519, 34.82496634553519, 34.82496634553519, 34.82496634553519, 34.82496634553519, 34.82496634553519, 34.82496634553519, 34.82496634553519, 34.82496634553519, 34.82496634553519, 34.82496634553519, 34.82496634553519, 34.82496634553519, 34.82496634553519, 34.82496634553519, 34.82496634553519, 34.82496634553519, 34.82496634553519, 34.82496634553519, 34.82496634553519, 34.82496634553519], "delta": [149.93378629244145, 13.196178120108016, 7.566524410983902, 6.918805203427809, 6.562025834466894, 6.01028596805692, 4.026198713111057, 5.063451012074935, 5.1866292993863965, 4.369428199407949, 4.385792290689608, 1.5242471265343056, 1.3338063099167528, 2.114772591921536, 2.3617460009995597, 2.695941657279903, 0.624035005609997, 1.7668851572755813, 3.05353420265412, 0.7297442267272345, 0.7715886895959585, 1.2563927390433065, 2.1539131576173958, 0.37187066626762544, 0.9416789997206223, 0.5931722557865271, 1.564603917137525, 0.631110218408395, 0.6580917205074783, 1.6824680831760475, 0.698192138339742, 1.248637271567297, 0.9462380126711949, 0.8083694971785604, 1.6787509673558674, 0.8242422821813022, 1.6104742746363385, 0.10746798299835092, 0.6893005214698249, 0.35618078904037276, 0.7680605191589791, 0.7531049984526419, 0.9290795548403565, 1.1883925959044674, 0.6507913870452597, 0.44181039517977894, 0.8205392032261543, 0.3166504598316777, 0.7073545699839272, 0.5818256545507339, 0.0, 0.20373431430421363, 0.38524721224111147, 0.21396313157226388, 0.14700709221877872, 0.5039608033682867, 0.2912252753918736, 0.539595971557091, 0.4411740094297585, 0.191377601448103, 0.2152143372538049, 0.1843418168167119, 0.2881035182791791, 0.026948431712028764, 0.22732239369518226, 0.33284923555182644, 0.3450564384411834, 0.3328492355517625, 0.378355288403462, 0.18984002555894364, 0.37835528840341937, 0.05230213390727556, 0.3027957085177846, 0.052302133907268455, 0.30578845006747457, 1.4210854715202004e-14, 0.1341314903215789, 0.047475764349691474, 0.035682359744996006, 0.1543740761182093, 0.049753738642550616, 0.18160725467125616, 0.0, 0.06843839041740551, 0.10075229884381542, 0.0, 0.05677138382826996, 0.08415608291785759, 0.1023399401533851, 0.0, 0.0, 0.2434538351160569, 3.552713678800501e-14, 0.18160725467127037, 0.13774744710191555, 0.11111392131869025, 0.0312213645260897, 0.0, 0.25288567896534886, 0.0, 0.0, 0.08043945089984561, 0.0, 0.0, 0.0, 0.0, 0.0, 0.0, 0.013226306362177809, 0.0, 0.0, 0.0, 0.0, 0.0, 0.0, 0.10931757231591632, 0.0, 0.0, 0.0, 0.0, 0.0, 0.0, 0.0, 0.0, 0.0, 0.0, 0.0501971079442356, 0.0, 0.0, 0.0, 0.0, 0.0, 0.0, 0.0, 0.0, 0.0, 0.0, 0.0, 0.0, 0.0, 0.0, 0.0, 0.0, 0.0, 0.11203252657067964, 0.0, 0.0, 0.0, 0.0, 0.0, 0.0, 0.0, 0.0, 0.0, 0.0, 0.0, 0.0, 0.0, 0.0, 0.0, 0.0, 0.0, 0.0, 0.0, 0.0]}