{"generation": [1, 2, 3, 4, 5, 6, 7, 8, 9, 10, 11, 12, 13, 14, 15, 16, 17, 18, 19, 20, 21, 22, 23, 24, 25, 26, 27, 28, 29, 30, 31, 32, 33, 34, 35, 36, 37, 38, 39, 40, 41, 42, 43, 44, 45, 46, 47, 48, 49, 50, 51, 52, 53, 54, 55, 56, 57, 58, 59, 60, 61, 62, 63, 64, 65, 66, 67, 68, 69, 70, 71, 72, 73, 74, 75, 76, 77, 78, 79, 80, 81, 82, 83, 84, 85, 86, 87, 88, 89, 90, 91, 92, 93, 94, 95, 96, 97, 98, 99, 100, 101, 102, 103, 104, 105, 106, 107, 108, 109, 110, 111, 112, 113, 114, 115, 116, 117, 118, 119, 120, 121, 122, 123, 124, 125, 126, 127, 128, 129, 130, 131, 132, 133, 134, 135, 136, 137, 138, 139, 140, 141, 142, 143, 144, 145, 146, 147, 148, 149, 150, 151, 152, 153, 154, 155, 156, 157, 158, 159, 160, 161, 162, 163, 164, 165, 166, 167, 168, 169, 170, 171, 172, 173, 174, 175, 176, 177, 178, 179, 180, 181, 182, 183, 184, 185, 186, 187, 188, 189, 190, 191, 192, 193, 194, 195, 196, 197, 198, 199, 200, 201, 202, 203, 204, 205, 206, 207, 208, 209, 210, 211, 212, 213, 214, 215, 216, 217, 218, 219, 220, 221, 222, 223, 224, 225, 226, 227, 228, 229, 230, 231, 232, 233, 234, 235, 236, 237, 238, 239, 240, 241, 242, 243], "loss": [155.91108153039104, 148.34528466900449, 138.99485310674396, 132.8330668044882, 125.29596338423298, 116.6733855376221, 113.349613382863, 110.37470112175792, 105.06861198377868, 101.72960565764504, 97.97726911512636, 93.47358349958509, 91.08140825345929, 88.88628032556329, 85.43241418048518, 81.56586706058357, 79.75021390789557, 78.02557854732649, 76.30371217937477, 73.97535249710032, 72.82850095477492, 71.97000163915118, 70.58727224562602, 69.79459218318907, 69.19289970116117, 67.03916208424339, 66.2620133652935, 64.1298439042802, 64.1298439042802, 63.98701072805745, 62.946978735326674, 62.78946586008017, 62.29219977530593, 61.58675484362455, 61.41216892224165, 61.41216892224165, 61.41216892224165, 61.31663694119945, 61.094032337061385, 60.283315078256244, 60.283315078256244, 60.19925369636772, 60.19925369636772, 59.957334221634504, 59.957334221634504, 59.80668765755641, 59.80394577781361, 59.80394577781361, 59.72986737209566, 59.72986737209566, 59.288323815048436, 59.275213396421094, 58.963189653578894, 58.953016341200595, 58.61247152169211, 58.24993681178311, 58.13358140665411, 58.022294629325216, 57.721487893137194, 57.6164410918634, 57.37076976125041, 57.12925631415041, 57.12925631415041, 57.12925631415041, 56.91901147689217, 56.91901147689217, 56.91901147689217, 56.64212738907871, 56.64212738907871, 56.54810249920498, 56.54810249920498, 56.54810249920498, 56.532179712549365, 56.532179712549365, 56.532179712549365, 56.47170683244453, 56.47170683244453, 56.40104983887904, 56.37158848832202, 56.3535158726406, 56.2485095705787, 56.2485095705787, 56.2485095705787, 56.19377536366882, 56.19377536366882, 56.19377536366882, 55.757576419133024, 55.757576419133024, 55.73511691989315, 55.44941278179704, 55.44941278179704, 55.24148914501201, 55.24148914501201, 54.933325507676024, 54.933325507676024, 54.933325507676024, 54.933325507676024, 54.67378504738716, 54.67378504738716, 54.60645926959982, 54.60645926959982, 54.372954434401976, 54.372954434401976, 53.47670889892799, 53.47670889892799, 53.47670889892799, 53.42178730995292, 53.069764182407674, 53.069764182407674, 53.014842593432604, 53.014842593432604, 52.9839331076666, 52.9839331076666, 52.9839331076666, 52.9839331076666, 52.9839331076666, 52.9839331076666, 52.9839331076666, 52.916974930479576, 52.83903800604787, 52.83903800604787, 52.83903800604787, 52.83903800604787, 52.83903800604787, 52.83903800604787, 52.70904676410271, 52.70904676410271, 52.70904676410271, 52.58915559981942, 52.58915559981942, 52.51676839224397, 52.433661087776294, 52.433661087776294, 52.433661087776294, 52.433661087776294, 52.329869175018025, 52.329869175018025, 52.329869175018025, 52.329869175018025, 52.329869175018025, 52.304210469506394, 52.304210469506394, 52.25642915591082, 52.10081193264256, 52.10081193264256, 52.10081193264256, 52.10081193264256, 52.00885855774494, 52.00885855774494, 52.00885855774494, 52.007214227838126, 52.003057821693616, 52.003057821693616, 52.003057821693616, 52.003057821693616, 52.003057821693616, 52.003057821693616, 52.003057821693616, 52.003057821693616, 52.003057821693616, 51.91326111942493, 51.91326111942493, 51.91326111942493, 51.91326111942493, 51.89151251871759, 51.861688096093665, 51.861688096093665, 51.861688096093665, 51.861688096093665, 51.67001179100785, 51.67001179100785, 51.67001179100785, 51.67001179100785, 51.67001179100785, 51.576134477554966, 51.576134477554966, 51.576134477554966, 51.576134477554966, 51.576134477554966, 51.576134477554966, 51.47192359367275, 51.47192359367275, 51.19362733054206, 51.19362733054206, 51.19362733054206, 51.19362733054206, 51.19362733054206, 51.19362733054206, 51.19362733054206, 51.19362733054206, 51.0716139915535, 51.0716139915535, 51.0716139915535, 51.0716139915535, 51.02988282155794, 51.02988282155794, 51.02988282155794, 51.02988282155794, 51.02988282155794, 51.02988282155794, 51.02988282155794, 51.02988282155794, 51.02988282155794, 50.66744645029751, 50.66744645029751, 50.35885722287962, 50.35885722287962, 50.35885722287962, 50.14594730055441, 49.99798179564766, 49.99798179564766, 49.99798179564766, 49.99798179564766, 49.99798179564766, 49.99798179564766, 49.99232018174349, 49.99232018174349, 49.99232018174349, 49.99232018174349, 49.99232018174349, 49.99232018174349, 49.99232018174349, 49.902750837151316, 49.902750837151316, 49.902750837151316, 49.902750837151316, 49.902750837151316, 49.902750837151316, 49.902750837151316, 49.902750837151316, 49.902750837151316, 49.902750837151316, 49.902750837151316, 49.902750837151316, 49.902750837151316, 49.902750837151316, 49.902750837151316, 49.902750837151316, 49.902750837151316, 49.902750837151316, 49.902750837151316, 49.902750837151316, 49.902750837151316],