{"generation": [1, 2, 3, 4, 5, 6, 7, 8, 9, 10, 11, 12, 13, 14, 15, 16, 17, 18, 19, 20, 21, 22, 23, 24, 25, 26, 27, 28, 29, 30, 31, 32, 33, 34, 35, 36, 37, 38, 39, 40, 41, 42, 43, 44, 45, 46, 47, 48, 49, 50, 51, 52, 53, 54, 55, 56, 57, 58, 59, 60, 61, 62, 63, 64, 65, 66, 67, 68, 69, 70, 71, 72, 73, 74, 75, 76, 77, 78, 79, 80, 81, 82, 83, 84, 85, 86, 87, 88, 89, 90, 91, 92, 93, 94, 95, 96, 97, 98, 99, 100, 101, 102, 103, 104, 105, 106, 107, 108, 109, 110, 111, 112, 113], "loss": [158.6392764833272, 149.8295714215147, 136.89484322154868, 130.78824639715475, 124.72487696832033, 119.96152747591924, 114.41656071706882, 108.46956162760803, 104.50265914478017, 99.19235640105316, 95.54650553225946, 90.25339257511546, 89.31086393123365, 86.07757465959267, 84.11231222277624, 82.72739195203495, 79.78636985138698, 77.91727676856037, 76.32835565254203, 75.39569097815898, 73.65967466619072, 72.81429144976438, 71.5809574916496, 70.70782803810361, 69.02663717513487, 66.04176406784563, 65.30327004477378, 64.81785515915291, 63.450526489081625, 62.22976026770454, 61.4293507839011, 60.15441024404916, 59.73977626712087, 59.560081105577154, 59.330608551258074, 58.72751878417029, 58.065707061440385, 58.065707061440385, 58.00274568353514, 57.69043394459703, 57.350318884103956, 56.98076031999797, 56.852652343759885, 56.57392131608284, 56.344096895956866, 56.1599488709727, 55.68575270005264, 55.64377546217586, 55.59281414888137, 55.34308629013609, 55.1831293120653, 54.974631316059565, 54.9083544779379, 54.670370551677486, 54.670370551677486, 54.60824588869479, 54.60824588869479, 54.60824588869479, 54.60824588869479, 54.09312727565952, 54.09312727565952, 54.09312727565952, 54.09312727565952, 54.09312727565952, 53.9834896490709, 53.9834896490709, 53.9834896490709, 53.9834896490709, 53.9834896490709, 53.9834896490709, 53.88167857840143, 53.88167857840143, 53.88167857840143, 53.88167857840143, 53.88167857840143, 53.88167857840143, 53.88167857840143, 53.88167857840143, 53.86207195336309, 53.86207195336309, 53.78334661866386, 53.78334661866386, 53.528192862218184, 53.528192862218184, 53.528192862218184, 53.528192862218184, 53.51500152705575, 53.51500152705575, 53.51500152705575, 53.51500152705575, 53.51500152705575, 53.500918033022124, 53.39760360197584, 53.39760360197584, 53.39760360197584, 53.39760360197584, 53.39760360197584, 53.39760360197584, 53.39760360197584, 53.39760360197584, 53.39760360197584, 53.39760360197584, 53.39760360197584, 53.39760360197584, 53.39760360197584, 53.39760360197584, 53.39760360197584, 53.39760360197584, 53.39760360197584, 53.39760360197584, 53.39760360197584, 53.39760360197584, 53.39760360197584], "delta": [158.6392764833272, 8.809705061812508, 12.934728199966003, 6.106596824393932, 6.06336942883442, 4.76334949240109, 5.544966758850421, 5.946999089460789, 3.9669024828278623, 5.310302743727007, 3.6458508687937012, 5.293112957144004, 0.9425286438818006, 3.2332892716409845, 1.965262436816431, 1.38492027074129, 2.94102210064797, 1.869093082826609, 1.5889211160183407, 0.932664674383048, 1.7360163119682568, 0.8453832164263417, 1.233333958114784, 0.8731294535459853, 1.681190862968748, 2.984873107289232, 0.7384940230718513, 0.48541488562086954, 1.3673286700712879, 1.2207662213770831, 0.8004094838034419, 1.27494053985194, 0.4146339769282932, 0.17969516154371235, 0.22947255431908076, 0.6030897670877806, 0.6618117227299081, 0.0, 0.06296137790524625, 0.3123117389381065, 0.34011506049307627, 0.3695585641059864, 0.12810797623808412, 0.27873102767704694, 0.22982442012597204, 0.18414802498416805, 0.4741961709200595, 0.04197723787677887, 0.05096131329449349, 0.24972785874527403, 0.15995697807079523, 0.2084979960057325, 0.06627683812166651, 0.2379839262604122, 0.0, 0.06212466298269703, 0.0, 0.0, 0.0, 0.5151186130352698, 0.0, 0.0, 0.0, 0.0, 0.10963762658862208, 0.0, 0.0, 0.0, 0.0, 0.0, 0.10181107066946993, 0.0, 0.0, 0.0, 0.0, 0.0, 0.0, 0.0, 0.019606625038335324, 0.0, 0.07872533469922871, 0.0, 0.2551537564456794, 0.0, 0.0, 0.0, 0.013191335162431983, 0.0, 0.0, 0.0, 0.0, 0.01408349403362763, 0.1033144310462859, 0.0, 0.0, 0.0, 0.0, 0.0, 0.0, 0.0, 0.0, 0.0, 0.0, 0.0, 0.0, 0.0, 0.0, 0.0, 0.0, 0.0, 0.0, 0.0, 0.0]}