{"generation": [1, 2, 3, 4, 5, 6, 7, 8, 9, 10, 11, 12, 13, 14, 15, 16, 17, 18, 19, 20, 21, 22, 23, 24, 25, 26, 27, 28, 29, 30, 31, 32, 33, 34, 35, 36, 37, 38, 39, 40, 41, 42, 43, 44, 45, 46, 47, 48, 49, 50, 51, 52, 53, 54, 55, 56, 57, 58, 59, 60, 61, 62, 63, 64, 65, 66, 67, 68, 69, 70, 71, 72, 73, 74, 75, 76, 77, 78, 79, 80, 81, 82, 83, 84, 85, 86, 87, 88, 89, 90, 91, 92, 93, 94, 95, 96, 97, 98, 99, 100, 101, 102, 103, 104, 105, 106, 107, 108, 109, 110, 111, 112, 113, 114, 115, 116, 117, 118, 119, 120, 121, 122, 123, 124, 125, 126, 127, 128, 129, 130, 131, 132, 133, 134, 135, 136, 137, 138, 139, 140, 141, 142, 143, 144, 145, 146, 147, 148, 149, 150, 151, 152, 153, 154, 155, 156, 157, 158, 159, 160, 161, 162, 163, 164, 165, 166, 167, 168, 169, 170, 171, 172, 173, 174, 175, 176, 177, 178, 179, 180, 181, 182], "loss": [176.78211599621088, 165.40737039498754, 155.13985235457884, 147.61428704904807, 140.4783337799902, 134.56535334823985, 127.57321221713013, 121.92529457844782, 115.43537877290363, 110.71752620017784, 107.97313118176984, 103.96777169691038, 100.12686427391851, 99.42719812817883, 96.5375888265116, 91.33852012036817, 90.20857047399244, 89.36522475177205, 87.04887712658031, 84.51602022546862, 82.16432571712123, 81.09314888027191, 79.35929465808451, 77.95647627880113, 77.16242709349915, 76.37090028216542, 75.02034811264517, 73.74731145737283, 72.93893492812295, 71.64744874681885, 71.12620920159925, 69.386528028378, 69.386528028378, 68.23431917527348, 67.96247750062315, 67.12306209025714, 67.12306209025714, 66.76233945535533, 66.71513484527813, 66.34668904873391, 66.34668904873391, 66.0661783525039, 66.0661783525039, 66.0661783525039, 66.0661783525039, 66.0661783525039, 66.02643730133677, 65.61934551615755, 65.61934551615755, 65.52652620739825, 65.48026425979451, 65.10762500200903, 65.01480569324974, 64.83040850883914, 64.82533167918108, 63.932251887849176, 63.932251887849176, 63.932251887849176, 63.84208803018434, 63.84208803018434, 63.84208803018434, 63.84208803018434, 63.84208803018434, 63.84208803018434, 63.75422316711018, 63.75422316711018, 63.75422316711018, 63.74267799154782, 63.74267799154782, 63.74267799154782, 63.74267799154782, 63.74267799154782, 63.74267799154782, 63.74267799154782, 63.74267799154782, 63.74267799154782, 63.71305257235001, 63.71305257235001, 63.7078944769348, 63.7078944769348, 63.67521680428149, 63.62155461144755, 63.432423745971974, 63.350981295407564, 62.861956851283225, 62.861956851283225, 62.59138353524325, 62.59138353524325, 62.59138353524325, 62.59138353524325, 62.59138353524325, 62.59138353524325, 62.59138353524325, 62.59138353524325, 62.59138353524325, 62.59138353524325, 62.00031872633376, 62.00031872633376, 62.00031872633376, 62.00031872633376, 62.00031872633376, 62.00031872633376, 62.00031872633376, 61.96116595479535, 61.96116595479535, 61.96116595479535, 61.96116595479535, 61.96116595479535, 60.653772942586045, 60.653772942586045, 60.653772942586045, 60.653772942586045, 60.653772942586045, 60.653772942586045, 60.653772942586045, 60.48897537806414, 60.48897537806414, 60.48897537806414, 60.48897537806414, 60.48897537806414, 60.48897537806414, 60.056169638933426, 60.056169638933426, 60.056169638933426, 60.056169638933426, 60.056169638933426, 60.056169638933426, 60.056169638933426, 60.056169638933426, 60.056169638933426, 60.056169638933426, 60.056169638933426, 60.056169638933426, 60.056169638933426, 60.056169638933426, 60.056169638933426, 60.056169638933426, 59.9794959364835, 59.93304483143022, 59.93304483143022, 59.82574782281549, 59.82574782281549, 59.82574782281549, 59.82574782281549, 59.82574782281549, 59.82574782281549, 59.82574782281549, 59.82574782281549, 59.75055681775379, 59.75055681775379, 59.75055681775379, 59.72457534875808, 59.72457534875808, 59.72457534875808, 59.72457534875808, 59.72457534875808, 59.72457534875808, 59.712674788907705, 59.712674788907705, 59.62399972729419, 59.62399972729419, 58.922761283832685, 58.922761283832685, 58.922761283832685, 58.922761283832685, 58.922761283832685, 58.922761283832685, 58.922761283832685, 58.922761283832685, 58.922761283832685, 58.922761283832685, 58.922761283832685, 58.922761283832685, 58.922761283832685, 58.922761283832685, 58.922761283832685, 58.922761283832685, 58.922761283832685, 58.922761283832685, 58.922761283832685, 58.922761283832685, 58.922761283832685], "delta": [176.78211599621088, 11.374745601223339, 10.267518040408703, 7.525565305530762, 7.135953269057865, 5.912980431750356, 6.992141131109719, 5.6479176386823156, 6.489915805544186, 4.717852572725789, 2.7443950184079995, 4.0053594848594685, 3.8409074229918616, 0.699666145739684, 2.8896093016672353, 5.1990687061434215, 1.129949646375735, 0.8433457222203913, 2.3163476251917388, 2.5328569011116855, 2.351694508347393, 1.0711768368493182, 1.7338542221874036, 1.4028183792833744, 0.7940491853019864, 0.7915268113337248, 1.350552169520256, 1.2730366552723353, 0.8083765292498839, 1.2914861813040943, 0.5212395452196006, 1.739681173221257, 0.0, 1.1522088531045114, 0.27184167465033227, 0.8394154103660156, 0.0, 0.3607226349018049, 0.04720461007720189, 0.36844579654422205, 0.0, 0.2805106962300101, 0.0, 0.0, 0.0, 0.0, 0.039741051167126784, 0.40709178517921885, 0.0, 0.092819308759303, 0.04626194760373892, 0.37263925778547957, 0.09281930875928879, 0.18439718441059938, 0.0050768296580656624, 0.8930797913318997, 0.0, 0.0, 0.09016385766483381, 0.0, 0.0, 0.0, 0.0, 0.0, 0.08786486307415942, 0.0, 0.0, 0.01154517556236101, 0.0, 0.0, 0.0, 0.0, 0.0, 0.0, 0.0, 0.0, 0.029625419197813585, 0.0, 0.0051580954152115055, 0.0, 0.0326776726533069, 0.053662192833940026, 0.18913086547557612, 0.0814424505644098, 0.48902444412433965, 0.0, 0.2705733160399717, 0.0, 0.0, 0.0, 0.0, 0.0, 0.0, 0.0, 0.0, 0.0, 0.5910648089094934, 0.0, 0.0, 0.0, 0.0, 0.0, 0.0, 0.03915277153841146, 0.0, 0.0, 0.0, 0.0, 1.3073930122093032, 0.0, 0.0, 0.0, 0.0, 0.0, 0.0, 0.16479756452190486, 0.0, 0.0, 0.0, 0.0, 0.0, 0.4328057391307141, 0.0, 0.0, 0.0, 0.0, 0.0, 0.0, 0.0, 0.0, 0.0, 0.0, 0.0, 0.0, 0.0, 0.0, 0.0, 0.07667370244992355, 0.04645110505327921, 0.0, 0.10729700861473646, 0.0, 0.0, 0.0, 0.0, 0.0, 0.0, 0.0, 0.07519100506169707, 0.0, 0.0, 0.025981468995709633, 0.0, 0.0, 0.0, 0.0, 0.0, 0.011900559850374748, 0.0, 0.08867506161351457, 0.0, 0.7012384434615058, 0.0, 0.0, 0.0, 0.0, 0.0, 0.0, 0.0, 0.0, 0.0, 0.0, 0.0, 0.0, 0.0, 0.0, 0.0, 0.0, 0.0, 0.0, 0.0, 0.0]}