{"generation": [1, 2, 3, 4, 5, 6, 7, 8, 9, 10, 11, 12, 13, 14, 15, 16, 17, 18, 19, 20, 21, 22, 23, 24, 25, 26, 27, 28, 29, 30, 31, 32, 33, 34, 35, 36, 37, 38, 39, 40, 41, 42, 43, 44, 45, 46, 47, 48, 49, 50, 51, 52, 53, 54, 55, 56, 57, 58, 59, 60, 61, 62, 63, 64, 65, 66, 67, 68, 69, 70, 71, 72, 73, 74, 75, 76, 77, 78, 79, 80, 81, 82, 83, 84, 85, 86, 87, 88, 89, 90, 91, 92, 93, 94, 95, 96, 97, 98, 99, 100, 101, 102, 103, 104, 105, 106, 107, 108, 109, 110, 111, 112, 113, 114, 115, 116, 117, 118, 119, 120, 121, 122, 123, 124, 125, 126, 127, 128, 129, 130, 131, 132, 133, 134, 135, 136, 137, 138, 139, 140, 141, 142, 143, 144, 145, 146, 147, 148, 149, 150, 151, 152, 153, 154, 155, 156, 157, 158, 159, 160, 161, 162, 163, 164, 165, 166, 167, 168, 169, 170, 171, 172, 173, 174, 175, 176, 177, 178, 179, 180, 181, 182, 183, 184, 185, 186, 187, 188, 189, 190, 191, 192, 193, 194, 195, 196, 197, 198, 199, 200, 201, 202, 203, 204, 205, 206, 207, 208, 209, 210, 211, 212, 213, 214, 215, 216, 217, 218, 219, 220, 221, 222, 223], "loss": [174.0770947403686, 163.2034666916908, 151.02105208342968, 140.73076875143815, 136.16006726150937, 129.45170662394952, 122.83413384430365, 116.20713119002063, 113.6693919727202, 109.50220976997309, 105.14798918894556, 99.94031734392803, 96.0280956743524, 94.32912173191146, 91.14665605528494, 88.60294474266568, 85.77454234880273, 84.4787967830086, 82.76240668554867, 80.74976522519611, 78.72248532985303, 77.26114501616502, 75.09353737890741, 73.5257430838751, 71.95525819667252, 70.83780608397586, 69.69216774883645, 68.79402151183221, 68.22245117020026, 66.79417205221347, 66.35886544896677, 65.29085881162749, 64.69528518455904, 63.71191566525183, 63.256808922025336, 62.51270836184785, 61.59022967060931, 60.95025351771716, 60.42853243292295, 60.220036143171555, 59.999241320363566, 59.757981604738724, 59.13286387492983, 59.00204883530865, 58.02129006213189, 58.02129006213189, 57.32482944525717, 56.80537779046622, 56.332995281991565, 55.6687400440945, 55.42930415558369, 55.34214231880852, 54.941941547907774, 53.860016597773466, 53.860016597773466, 53.6806148945238, 53.6806148945238, 53.281174524901154, 53.281174524901154, 53.281174524901154, 53.02792820683837, 52.857418870740595, 52.857418870740595, 52.8376019391569, 52.73039747655848, 52.29332028384175, 52.14753982763088, 52.020518433448764, 51.943409244494305, 51.87178083269409, 51.8155063465564, 51.68848495237428, 51.52837704764743, 51.49728965597951, 51.49728965597951, 51.098844910211554, 50.84299083999958, 50.80797222020419, 50.754911117281374, 50.74838351255056, 50.44652158877084, 50.10058817613984, 50.10058817613984, 50.10058817613984, 49.83368639828397, 49.68080777493047, 49.637230428723086, 49.586889939834386, 49.48777359209685, 49.48777359209685, 49.48777359209685, 49.48777359209685, 49.067993190887485, 49.067993190887485, 49.03544406666825, 48.969094859665766, 48.79835910575031, 48.76580998153108, 48.76580998153108, 48.69946077452859, 48.66691165030935, 48.66691165030935, 48.349348337520745, 48.349348337520745, 48.349348337520745, 48.349348337520745, 48.19372871110968, 48.19372871110968, 48.19372871110968, 48.19372871110968, 48.19372871110968, 48.19372871110968, 48.19372871110968, 48.11283884103887, 48.11283884103887, 48.11283884103887, 47.87596960842939, 47.87596960842939, 47.87596960842939, 47.87596960842939, 47.87596960842939, 47.854518727665, 47.854518727665, 47.854518727665, 47.854518727665, 47.854518727665, 47.854518727665, 47.69876319025845, 47.69876319025845, 47.69876319025845, 47.69876319025845, 47.69876319025845, 47.69876319025845, 47.69876319025845, 47.69876319025845, 47.69876319025845, 47.69876319025845, 47.69876319025845, 47.69876319025845, 47.015871273789635, 47.015871273789635, 47.015871273789635, 47.015871273789635, 47.015871273789635, 46.91816734847931, 46.91816734847931, 46.91816734847931, 46.91816734847931, 46.91816734847931, 46.91816734847931, 46.91816734847931, 46.91816734847931, 46.91816734847931, 46.91816734847931, 46.91816734847931, 46.91816734847931, 46.91816734847931, 46.91816734847931, 46.91816734847931, 46.91816734847931, 46.91816734847931, 46.91816734847931, 46.90553724117086, 46.90553724117086, 46.78850094216348, 46.766999874392916, 46.766999874392916, 46.766999874392916, 46.766999874392916, 46.766999874392916, 46.766999874392916, 46.766999874392916, 46.766999874392916, 46.766999874392916, 46.766999874392916, 46.766999874392916, 46.766999874392916, 46.766999874392916, 46.766999874392916, 46.766082916053634, 46.766082916053634, 46.69049552541634, 46.69049552541634, 46.69049552541634, 46.69049552541634, 46.6641564509256, 46.42937441428358, 46.42937441428358, 46.306506917130655, 46.306506917130655, 46.306506917130655, 46.22198971474227, 46.22198971474227, 46.22198971474227, 46.22198971474227, 46.22198971474227, 46.22198971474227, 46.17571379230415, 46.17571379230415, 46.17571379230415, 46.17571379230415, 46.17571379230415, 45.635084140551776, 45.635084140551776, 45.635084140551776, 45.635084140551776, 45.635084140551776, 45.635084140551776, 45.635084140551776, 45.635084140551776, 45.635084140551776, 45.635084140551776, 45.635084140551776, 45.635084140551776, 45.635084140551776, 45.635084140551776, 45.635084140551776, 45.635084140551776, 45.635084140551776, 45.635084140551776, 45.635084140551776, 45.635084140551776, 45.635084140551776],