{"generation": [1, 2, 3, 4, 5, 6, 7, 8, 9, 10, 11, 12, 13, 14, 15, 16, 17, 18, 19, 20, 21, 22, 23, 24, 25, 26, 27, 28, 29, 30, 31, 32, 33, 34, 35, 36, 37, 38, 39, 40, 41, 42, 43, 44, 45, 46, 47, 48, 49, 50, 51, 52, 53, 54, 55, 56, 57, 58, 59, 60, 61, 62, 63, 64, 65, 66, 67, 68, 69, 70, 71, 72, 73, 74, 75, 76, 77, 78, 79, 80, 81, 82, 83, 84, 85, 86, 87, 88, 89, 90, 91, 92, 93, 94, 95, 96, 97, 98, 99, 100, 101, 102, 103, 104, 105, 106, 107, 108, 109, 110, 111, 112, 113, 114, 115, 116, 117, 118, 119, 120, 121, 122, 123, 124, 125, 126, 127, 128], "loss": [200.04917883907206, 187.69541489873185, 174.8699579148944, 167.37921320053948, 154.83521098882514, 150.4515312764279, 143.80161881446455, 138.15260092381644, 131.04481867060838, 126.2133083017841, 122.08787881232288, 117.11219541112072, 114.16203280505975, 107.42238199540913, 104.51205943134055, 102.62912402448067, 98.41813225240269, 96.93157742140403, 94.43121556529753, 92.84118513972882, 90.83352326278923, 88.1074275854831, 86.0018385505703, 85.11951523586993, 83.72102837992855, 82.76502645749737, 81.80329162491876, 79.64346436130374, 77.06705768853587, 76.74008123436268, 76.04777683052012, 75.0452121156567, 74.44025056516962, 74.05812313652999, 73.26780076975636, 73.26780076975636, 72.73656048927333, 72.62991492641505, 72.50033048369625, 71.97559721842198, 71.89123320587271, 71.23691549787964, 71.23691549787964, 71.21182418470528, 71.15186228071518, 71.1411886940357, 71.1411886940357, 70.82656034873823, 70.82656034873823, 70.80539471765405, 70.57207807941789, 70.57207807941789, 70.57207807941789, 70.50532068223721, 70.50532068223721, 70.50532068223721, 70.154902841346, 69.91335756284852, 69.91335756284852, 69.91335756284852, 69.56742865240663, 69.56742865240663, 69.48255102229686, 69.19246155579272, 68.92512763490417, 68.65208876020117, 68.65208876020117, 68.59415551172583, 68.51204339669228, 68.51204339669228, 68.51204339669228, 68.45870652853549, 68.41870122989707, 68.39446377902352, 68.03825936242843, 67.97401661291646, 67.97401661291646, 67.97401661291646, 67.97401661291646, 67.92664228880021, 67.92664228880021, 67.92664228880021, 67.92664228880021, 67.53117828543199, 67.53117828543199, 67.53117828543199, 67.53117828543199, 67.53117828543199, 66.97408914393175, 66.97408914393175, 66.97408914393175, 66.97408914393175, 66.97408914393175, 66.82451354421241, 66.82451354421241, 66.82451354421241, 66.50015679360355, 66.50015679360355, 66.09288426167076, 66.09288426167076, 66.09288426167076, 66.09288426167076, 66.09288426167076, 66.09288426167076, 66.09288426167076, 65.79211828227047, 65.79211828227047, 65.79029193600817, 65.79029193600817, 65.79029193600817, 65.79029193600817, 65.79029193600817, 65.79029193600817, 65.79029193600817, 65.79029193600817, 65.79029193600817, 65.79029193600817, 65.79029193600817, 65.79029193600817, 65.79029193600817, 65.79029193600817, 65.79029193600817, 65.79029193600817, 65.79029193600817, 65.79029193600817, 65.79029193600817, 65.79029193600817, 65.79029193600817], "delta": [200.04917883907206, 12.353763940340201, 12.825456983837455, 7.490744714354918, 12.544002211714343, 4.383679712397253, 6.649912461963339, 5.6490178906481106, 7.1077822532080575, 4.831510368824283, 4.125429489461212, 4.975683401202161, 2.950162606060971, 6.739650809650627, 2.9103225640685793, 1.8829354068598718, 4.210991772077989, 1.4865548309986565, 2.500361856106494, 1.5900304255687132, 2.0076618769395935, 2.726095677306134, 2.1055890349127964, 0.882323314700372, 1.3984868559413712, 0.9560019224311844, 0.9617348325786139, 2.159827263615014, 2.576406672767874, 0.32697645417319166, 0.6923044038425559, 1.002564714863425, 0.6049615504870758, 0.38212742863963456, 0.7903223667736228, 0.0, 0.5312402804830327, 0.10664556285827587, 0.12958444271880865, 0.5247332652742642, 0.08436401254927262, 0.6543177079930729, 0.0, 0.02509131317435731, 0.05996190399010004, 0.010673586679473601, 0.0, 0.3146283452974785, 0.0, 0.021165631084173242, 0.2333166382361611, 0.0, 0.0, 0.0667573971806803, 0.0, 0.0, 0.3504178408912111, 0.2415452784974832, 0.0, 0.0, 0.34592891044188434, 0.0, 0.0848776301097729, 0.290089466504142, 0.2673339208885466, 0.2730388747030048, 0.0, 0.05793324847533654, 0.08211211503355287, 0.0, 0.0, 0.05333686815679073, 0.04000529863841962, 0.024237450873542343, 0.35620441659509083, 0.06424274951197617, 0.0, 0.0, 0.0, 0.04737432411624809, 0.0, 0.0, 0.0, 0.3954640033682182, 0.0, 0.0, 0.0, 0.0, 0.5570891415002421, 0.0, 0.0, 0.0, 0.0, 0.1495755997193413, 0.0, 0.0, 0.3243567506088567, 0.0, 0.4072725319327901, 0.0, 0.0, 0.0, 0.0, 0.0, 0.0, 0.30076597940029615, 0.0, 0.0018263462622911675, 0.0, 0.0, 0.0, 0.0, 0.0, 0.0, 0.0, 0.0, 0.0, 0.0, 0.0, 0.0, 0.0, 0.0, 0.0, 0.0, 0.0, 0.0, 0.0, 0.0]}