{"generation": [1, 2, 3, 4, 5, 6, 7, 8, 9, 10, 11, 12, 13, 14, 15, 16, 17, 18, 19, 20, 21, 22, 23, 24, 25, 26, 27, 28, 29, 30, 31, 32, 33, 34, 35, 36, 37, 38, 39, 40, 41, 42, 43, 44, 45, 46, 47, 48, 49, 50, 51, 52, 53, 54, 55, 56, 57, 58, 59, 60, 61, 62, 63, 64, 65, 66, 67, 68, 69, 70, 71, 72, 73, 74, 75, 76, 77, 78, 79, 80, 81, 82, 83, 84, 85, 86, 87, 88, 89, 90, 91, 92, 93, 94, 95, 96, 97, 98, 99, 100, 101, 102, 103, 104, 105, 106, 107, 108, 109, 110, 111, 112, 113, 114, 115, 116, 117, 118, 119, 120, 121, 122, 123, 124, 125, 126, 127, 128, 129, 130, 131, 132, 133, 134, 135, 136, 137, 138, 139, 140, 141, 142, 143, 144, 145, 146, 147, 148, 149, 150, 151, 152, 153, 154, 155, 156, 157, 158, 159, 160, 161, 162, 163, 164, 165, 166, 167, 168, 169, 170, 171, 172, 173, 174, 175, 176, 177, 178, 179, 180, 181, 182, 183, 184, 185, 186, 187, 188, 189, 190, 191, 192, 193, 194, 195, 196, 197, 198, 199, 200, 201, 202, 203, 204, 205, 206, 207, 208, 209, 210, 211, 212, 213, 214, 215, 216, 217, 218, 219, 220, 221, 222, 223, 224, 225, 226, 227, 228, 229, 230, 231, 232, 233, 234, 235, 236, 237, 238, 239, 240, 241, 242, 243, 244, 245, 246, 247, 248, 249, 250, 251, 252, 253, 254, 255, 256, 257, 258, 259, 260, 261, 262, 263, 264, 265, 266, 267, 268, 269, 270, 271, 272, 273, 274, 275, 276, 277, 278, 279, 280, 281, 282, 283, 284, 285, 286, 287, 288, 289, 290, 291, 292, 293, 294, 295, 296, 297, 298, 299, 300, 301, 302, 303, 304, 305, 306, 307, 308, 309, 310, 311, 312, 313, 314, 315, 316, 317, 318, 319, 320, 321, 322, 323, 324, 325, 326, 327, 328, 329, 330, 331, 332, 333, 334, 335, 336], "loss": [201.80697826322623, 184.7394155592206, 176.03642641443207, 168.0075860683342, 155.32036755375947, 150.78950494670607, 145.94004690228218, 141.74687260601203, 134.2782514683869, 130.38947072313772, 126.98110712557039, 123.92226101932607, 119.09087429763959, 116.58944391099831, 111.60044231798636, 108.01070605008731, 105.43666245873301, 103.6976704978021, 101.18100285431981, 97.66513546550499, 95.56459331780005, 93.50458683031708, 91.65154853697726, 89.46223736631377, 88.55610085913291, 86.52721035312628, 82.9220136223124, 80.55970249248247, 78.30629792620118, 78.17003472143949, 78.08901568245486, 77.48294202713193, 75.0995366553798, 74.01497036036247, 72.50281995406908, 71.9785013847614, 71.77478829288671, 71.31470184101279, 70.67859012803436, 69.40747518565213, 68.58078210691116, 68.11665512687992, 67.82339039984547, 67.36435680116574, 67.09587170924057, 66.37807380045234, 66.26689258063702, 64.72485829976164, 64.72485829976164, 63.69191029553318, 63.05883445141624, 62.97272779594036, 62.645461447954865, 62.48254753777113, 62.16464442459578, 61.91406792831829, 61.751271421134405, 61.44877769732647, 61.14314135413431, 60.95095432999061, 60.81775128507044, 60.359181577754356, 60.309090402204134, 59.946143775519324, 59.68704074960673, 59.68704074960673, 59.540514790097724, 59.242518756492956, 59.242518756492956, 59.12653153358156, 59.12653153358156, 59.12653153358156, 58.951392401796916, 58.951392401796916, 58.951392401796916, 58.951392401796916, 58.822846273686594, 58.822846273686594, 58.78889582658375, 58.71181827463991, 58.71181827463991, 58.660349698473425, 58.65997053529673, 58.224550797194084, 58.224550797194084, 58.224550797194084, 58.224550797194084, 58.20022921336286, 58.1730822210276, 58.04421425247763, 57.91674899705002, 57.4947933158569, 57.394960069499035, 57.00631166008391, 56.96323608773467, 56.706902863757094, 56.706902863757094, 56.622319069254694, 56.622319069254694, 56.33874117818387, 56.33874117818387, 55.952280771928784, 55.952280771928784, 55.952280771928784, 55.60382456968334, 55.16589558726177, 55.16589558726177, 54.895224511861436, 54.895224511861436, 54.87682578379894, 54.5425849243946, 54.5425849243946, 54.5425849243946, 54.51950296140831, 54.51950296140831, 54.51950296140831, 54.50110423334582, 54.50110423334582, 54.24883188600797, 54.230433157945484, 54.230433157945484, 54.230433157945484, 54.22483138551446, 54.22483138551446, 54.22483138551446, 54.22483138551446, 54.17807313272249, 54.17807313272249, 54.17807313272249, 54.17807313272249, 54.17807313272249, 54.17807313272249, 54.17807313272249, 54.17807313272249, 54.050526191412786, 54.050526191412786, 54.050526191412786, 54.050526191412786, 54.050526191412786, 54.050526191412786, 54.050526191412786, 53.833985264662395, 53.833985264662395, 53.6820990530075, 53.6820990530075, 53.6820990530075, 53.529857603762586, 53.423093484711586, 53.423093484711586, 53.423093484711586, 53.25629551935095, 53.17401795905324, 53.17401795905324, 53.007219993692594, 53.007219993692594, 53.007219993692594, 53.007219993692594, 53.007219993692594, 53.007219993692594, 53.007219993692594, 52.762326824273686, 52.762326824273686, 52.762326824273686, 52.762326824273686, 52.507284046448234, 52.507284046448234, 52.507284046448234, 52.507284046448234, 52.507284046448234, 52.507284046448234, 52.507284046448234, 52.507284046448234, 52.507284046448234, 52.507284046448234, 52.507284046448234, 52.507284046448234, 52.507284046448234, 52.507284046448234, 52.507284046448234, 52.507284046448234, 52.507284046448234, 52.30051943619192, 52.30051943619192, 52.30051943619192, 52.30051943619192, 52.30051943619192, 52.27333642278009, 52.017444032573025, 52.017444032573025, 52.017444032573025, 52.017444032573025, 51.97232193996913, 51.97232193996913, 51.97232193996913, 51.97232193996913, 51.97232193996913, 51.97232193996913, 51.88876239966123, 51.88876239966123, 51.88876239966123, 51.88876239966123, 51.88876239966123, 51.88876239966123, 51.88876239966123, 51.599491767216065, 51.599491767216065, 51.599491767216065, 51.599491767216065, 51.599491767216065, 51.599491767216065, 51.599491767216065, 51.599491767216065, 51.599491767216065, 51.599491767216065, 51.599491767216065, 51.599491767216065, 51.599491767216065, 51.599491767216065, 51.502164745504, 51.354590996776224, 51.354590996776224, 51.257263975064156, 51.257263975064156, 51.257263975064156, 51.257263975064156, 51.257263975064156, 51.257263975064156, 51.257263975064156, 51.257263975064156, 51.257263975064156, 51.24449881038236, 51.24449881038236, 51.24449881038236, 51.24449881038236, 51.24449881038236, 51.24449881038236, 51.24449881038236, 51.24449881038236, 51.05401065612362, 51.05401065612362, 51.05401065612362, 51.05401065612362, 51.05401065612362, 51.05401065612362, 50.807096595367966, 50.807096595367966, 50.807096595367966, 50.807096595367966, 50.807096595367966, 50.807096595367966, 50.807096595367966, 50.807096595367966, 50.807096595367966, 50.807096595367966, 50.807096595367966, 50.807096595367966, 50.807096595367966, 50.79278189025206, 50.77729792393893, 50.77729792393893, 50.77729792393893, 50.762983218823024, 50.762983218823024, 50.762983218823024, 50.762983218823024, 50.762983218823024, 50.762983218823024, 50.762983218823024, 50.762983218823024, 50.762983218823024, 50.762983218823024, 50.762983218823024, 50.762983218823024, 50.762983218823024, 50.762983218823024, 50.762983218823024, 50.762983218823024, 50.762983218823024, 50.762983218823024, 50.53452816357479, 50.53452816357479, 50.53452816357479, 50.35730350827839, 50.35730350827839, 50.35730350827839, 50.35730350827839, 50.35730350827839, 50.35730350827839, 50.35730350827839, 50.35730350827839, 50.35730350827839, 50.35730350827839, 50.35730350827839, 50.317941342263424, 50.317941342263424, 50.317941342263424, 50.317941342263424, 50.317941342263424, 50.317941342263424, 50.317941342263424, 50.317941342263424, 50.317941342263424, 50.317941342263424, 50.317941342263424, 50.24300829014423, 50.24300829014423, 50.24300829014423, 50.24300829014423, 50.24300829014423, 50.24300829014423, 50.24300829014423, 50.24300829014423, 50.24300829014423, 50.24300829014423, 50.24300829014423, 50.1869849251252, 50.1869849251252, 50.1869849251252, 50.1869849251252, 50.1869849251252, 50.1869849251252, 50.1869849251252, 50.1869849251252, 50.1869849251252, 50.1869849251252, 50.1869849251252, 50.1869849251252, 50.1869849251252, 50.1869849251252, 50.1869849251252, 