{"generation": [1, 2, 3, 4, 5, 6, 7, 8, 9, 10, 11, 12, 13, 14, 15, 16, 17, 18, 19, 20, 21, 22, 23, 24, 25, 26, 27, 28, 29, 30, 31, 32, 33, 34, 35, 36, 37, 38, 39, 40, 41, 42, 43, 44, 45, 46, 47, 48, 49, 50, 51, 52, 53, 54, 55, 56, 57, 58, 59, 60, 61, 62, 63, 64, 65, 66, 67, 68, 69, 70, 71, 72, 73, 74, 75, 76, 77, 78, 79, 80, 81, 82, 83, 84, 85, 86, 87, 88, 89, 90, 91, 92, 93, 94, 95, 96, 97, 98, 99, 100, 101, 102, 103, 104, 105, 106, 107, 108, 109, 110, 111, 112, 113, 114, 115, 116, 117, 118, 119, 120, 121, 122, 123, 124, 125, 126, 127, 128, 129, 130, 131, 132, 133, 134, 135, 136, 137, 138, 139, 140, 141, 142, 143, 144, 145, 146, 147, 148, 149, 150, 151, 152, 153, 154, 155, 156, 157, 158, 159, 160, 161, 162, 163, 164, 165, 166, 167, 168, 169, 170, 171, 172, 173, 174, 175, 176, 177, 178, 179, 180, 181, 182, 183, 184, 185, 186, 187, 188, 189, 190, 191, 192, 193, 194, 195, 196, 197, 198, 199, 200, 201, 202, 203, 204, 205, 206, 207, 208, 209, 210, 211, 212, 213, 214, 215, 216, 217, 218, 219, 220, 221, 222, 223, 224, 225, 226, 227, 228, 229, 230, 231, 232, 233, 234, 235, 236, 237, 238, 239, 240, 241, 242, 243, 244, 245, 246, 247, 248, 249, 250, 251, 252, 253, 254, 255, 256, 257, 258, 259, 260, 261, 262, 263, 264, 265, 266, 267, 268, 269, 270, 271, 272, 273, 274, 275, 276, 277, 278, 279, 280, 281, 282, 283, 284, 285, 286, 287, 288, 289, 290, 291, 292, 293, 294, 295, 296, 297, 298, 299, 300, 301, 302, 303, 304, 305, 306, 307, 308, 309, 310, 311, 312, 313, 314, 315, 316, 317, 318, 319, 320, 321, 322, 323, 324, 325, 326, 327, 328, 329, 330, 331, 332, 333, 334, 335, 336, 337, 338, 339, 340, 341, 342, 343, 344, 345, 346, 347, 348, 349, 350, 351, 352], "loss": [209.14833339339393, 192.66459497382652, 184.89969605744872, 175.33586191771644, 168.2677487978472, 163.30749437897688, 158.09152606556515, 153.34402105374562, 145.69493069869156, 140.2080440004303, 135.24940629918007, 128.27712118720376, 124.49617058447588, 118.85556345054914, 116.87794296092756, 111.91744827281843, 110.34214801823497, 108.49333786583746, 105.93741273383151, 103.43028793078757, 102.05379287913038, 99.74532089897457, 99.14273601645219, 97.8306137915224, 95.53989305148315, 94.56688216546749, 92.54001819478911, 91.07009212016277, 90.04152392830933, 89.63932494133434, 88.77696672953225, 87.05565370432662, 86.32821969765286, 84.496499919192, 83.9341651715849, 82.03104578607572, 81.6049552637613, 80.26606925361266, 80.2404472998078, 78.85286184791784, 77.36835394864855, 76.89208178598082, 76.32423789771514, 73.76106426642168, 73.46043146151528, 71.63145458392245, 70.97167042082211, 70.89809572065089, 70.39125264557536, 69.80258736981942, 68.93368754689573, 68.54526533726326, 68.26367126982838, 67.20013575963189, 66.70253668058854, 66.596235326057, 66.16356399581521, 64.2632024425801, 63.95021143987955, 63.373082249316504, 63.31023626631281, 63.12873172769445, 62.84297283715125, 62.020299733843935, 62.020299733843935, 60.79176024668439, 60.79176024668439, 60.678160363435055, 60.41180441485584, 60.23068724273082, 59.885695435920795, 59.50317699194358, 59.31548726316329, 59.239168489495874, 58.68364796384495, 58.68364796384495, 58.68364796384495, 58.45364778109887, 57.985707398297315, 57.39412785239862, 57.39412785239862, 57.191898883121574, 56.600319337222864, 56.43480661844938, 56.43480661844938, 56.43480661844938, 56.32320268623022, 56.26667061354541, 56.148927880327186, 56.148927880327186, 56.02405364388519, 56.02405364388519, 56.02405364388519, 55.89274897343184, 55.88255185570822, 55.77458023227235, 55.60171427978131, 55.19259764673284, 55.19259764673284, 54.90156295308232, 54.90156295308232, 54.90156295308232, 54.87455052993451, 54.87455052993451, 54.86614848799823, 54.69784628253719, 54.69784628253719, 54.69784628253719, 54.69784628253719, 54.479822999980954, 54.479822999980954, 54.479822999980954, 54.428891555944, 54.428891555944, 54.428891555944, 54.00808245737068, 53.73912773077749, 53.73912773077749, 53.4869715304938, 53.4869715304938, 53.4869715304938, 53.4869715304938, 53.4869715304938, 53.4869715304938, 53.196003056737155, 53.196003056737155, 53.196003056737155, 53.123546920227405, 53.123546920227405, 53.123546920227405, 53.123546920227405, 52.90690552198296, 52.90690552198296, 52.90690552198296, 52.90690552198296, 52.90690552198296, 52.90690552198296, 52.59886772822182, 52.59886772822182, 52.59886772822182, 52.59886772822182, 52.59886772822182, 52.47138425547841, 52.47138425547841, 52.47138425547841, 52.47138425547841, 52.47138425547841, 52.30324825057444, 51.8889832723874, 51.8889832723874, 51.8889832723874, 51.8889832723874, 51.8889832723874, 51.85437230855038, 51.85437230855038, 51.77880978554965, 51.77880978554965, 51.675209106276554, 51.3966823814617, 51.3966823814617, 51.34943228205827, 51.34943228205827, 51.34943228205827, 51.34943228205827, 51.346305233699944, 51.346305233699944, 51.346305233699944, 51.18581423746319, 51.18268718910487, 51.13543708970143, 50.99736212449832, 50.99736212449832, 50.99736212449832, 50.99736212449832, 50.99736212449832, 50.79911261602199, 50.79911261602199, 50.79911261602199, 50.70465391606955, 50.70465391606955, 50.60863634667311, 50.60863634667311, 50.520050683435755, 50.520050683435755, 50.520050683435755, 50.42591993317275, 50.42591993317275, 50.42591993317275, 50.42591993317275, 50.42591993317275, 50.42591993317275, 50.34953062865281, 50.34953062865281, 50.34953062865281, 50.34568763089211, 50.34568763089211, 50.14733452700898, 50.14733452700898, 50.14733452700898, 50.14733452700898, 50.14733452700898, 50.14733452700898, 50.14733452700898, 50.10737314872173, 49.991956323104404, 49.62087608897168, 49.62087608897168, 49.62087608897168, 49.62087608897168, 49.559888917482425, 49.28431622623393, 49.28431622623393, 49.28431622623393, 49.28431622623393, 49.28431622623393, 49.28431622623393, 49.28431622623393, 49.28431622623393, 49.28431622623393, 49.28431622623393, 49.28431622623393, 49.28431622623393, 49.28431622623393, 49.22332905474469, 49.22332905474469, 49.22332905474469, 49.22332905474469, 49.22332905474469, 49.22332905474469, 49.22332905474469, 49.22332905474469, 49.22174730997617, 49.22174730997617, 49.22174730997617, 49.22174730997617, 49.22174730997617, 49.22174730997617, 49.22174730997617, 49.22174730997617, 49.22174730997617, 49.20795705458926, 49.20795705458926, 49.20795705458926, 49.20795705458926, 49.20795705458926, 49.10098659628911, 49.10098659628911, 49.10098659628911, 49.10098659628911, 49.10098659628911, 49.10098659628911, 48.93235275843385, 48.93235275843385, 48.93235275843385, 48.93235275843385, 48.93235275843385, 48.93235275843385, 48.93235275843385, 48.90232840055609, 48.90232840055609, 48.90232840055609, 48.90232840055609, 48.90232840055609, 48.90232840055609, 48.746950196651525, 48.746950196651525, 48.746950196651525, 48.746950196651525, 48.746950196651525, 48.746950196651525, 48.746950196651525, 48.746950196651525, 48.746950196651525, 48.746950196651525, 48.746950196651525, 48.746950196651525, 48.61415365722773, 48.61415365722773, 48.61415365722773, 48.57419227894048, 48.57419227894048, 48.57419227894048, 48.57419227894048, 48.57419227894048, 48.57419227894048, 48.57419227894048, 48.48339569591651, 48.48339569591651, 48.48339569591651, 48.48339569591651, 48.48339569591651, 48.48339569591651, 48.48339569591651, 48.48339569591651, 48.46258391880669, 48.46258391880669, 48.30074905945304, 48.30074905945304, 48.30074905945304, 48.30074905945304, 48.30074905945304, 48.30074905945304, 48.30074905945304, 48.30074905945304, 48.16905705459708, 48.16905705459708, 48.16905705459708, 48.16905705459708, 48.16905705459708, 48.16905705459708, 48.16905705459708, 48.16905705459708, 48.16905705459708, 48.16905705459708, 48.16905705459708, 48.16905705459708, 48.16905705459708, 48.16905705459708, 48.16905705459708, 47.975242349678496, 47.975242349678496, 47.975242349678496, 47.975242349678496, 47.975242349678496, 47.975242349678496, 47.975242349678496, 47.975242349678496, 47.975242349678496, 47.975242349678496, 47.975242349678496, 