{"generation": [1, 2, 3, 4, 5, 6, 7, 8, 9, 10, 11, 12, 13, 14, 15, 16, 17, 18, 19, 20, 21, 22, 23, 24, 25, 26, 27, 28, 29, 30, 31, 32, 33, 34, 35, 36, 37, 38, 39, 40, 41, 42, 43, 44, 45, 46, 47, 48, 49, 50, 51, 52, 53, 54, 55, 56, 57, 58, 59, 60, 61, 62, 63, 64, 65, 66, 67, 68, 69, 70, 71, 72, 73, 74, 75, 76, 77, 78, 79, 80, 81, 82, 83, 84, 85, 86, 87, 88, 89, 90, 91, 92, 93, 94, 95, 96, 97, 98, 99, 100, 101, 102, 103, 104, 105, 106, 107, 108, 109, 110, 111, 112, 113, 114, 115, 116, 117, 118, 119, 120, 121, 122, 123, 124, 125, 126, 127, 128, 129, 130, 131, 132, 133, 134, 135, 136, 137, 138, 139, 140, 141, 142, 143, 144, 145, 146, 147, 148, 149, 150, 151, 152, 153, 154, 155, 156, 157, 158, 159, 160, 161, 162, 163, 164, 165, 166, 167, 168, 169, 170, 171, 172, 173, 174, 175, 176, 177, 178, 179, 180, 181, 182, 183, 184, 185, 186, 187, 188, 189, 190, 191, 192, 193, 194, 195, 196, 197, 198, 199, 200, 201, 202, 203, 204, 205, 206, 207, 208, 209, 210, 211, 212, 213, 214, 215, 216, 217, 218, 219, 220, 221, 222, 223, 224, 225, 226, 227, 228, 229, 230, 231, 232, 233, 234, 235], "loss": [206.63476666803706, 195.8350211317831, 183.40973610125255, 177.9707506858605, 170.18064149777888, 160.26692808535353, 151.36370897335513, 146.42197496169328, 138.8092681792545, 135.91189098923468, 131.75931399173362, 127.51806196224157, 122.37076522148938, 118.73607114960905, 114.94729995516826, 111.44065452227004, 108.20555414184412, 106.59976181169904, 104.14719733239521, 101.57550903372838, 99.6754186870963, 98.1748670474735, 95.46761798420486, 93.91565943390663, 92.95026080147768, 90.39571450658589, 88.84457368749828, 88.46496978881191, 85.4634442910707, 84.90155175837513, 83.55151154906378, 82.12935795368686, 81.94369544851259, 79.63745238790393, 77.7938249533373, 77.23318898356109, 76.97937556888, 75.74049995303497, 75.74049995303497, 74.65225856344, 74.23701441115728, 74.0611803921732, 72.642956636429, 72.6089181017393, 72.22876558507213, 72.19472705038243, 72.1045593681945, 72.1045593681945, 72.1045593681945, 72.09332674076148, 72.07942161984444, 71.5913271159876, 71.5913271159876, 71.50012841006009, 71.47928804090161, 70.30248616856566, 70.19044709347966, 70.08984076186104, 70.08984076186104, 69.77496391028247, 69.3186655029929, 67.47469878635454, 67.47469878635454, 67.47469878635454, 67.47469878635454, 67.47469878635454, 67.47469878635454, 67.47469878635454, 67.47469878635454, 67.40369554695855, 66.91324260448711, 66.51895054818135, 66.40645101886047, 66.32594931843407, 65.76101098121964, 65.51438160343925, 65.05787942996822, 65.02128275109314, 64.78325023055083, 64.48848496405755, 64.20931111909393, 64.20931111909393, 64.1118155774564, 64.08001707253233, 63.8172550567126, 63.4806092741766, 63.43407572576276, 63.43407572576276, 63.38420975682402, 63.2697903751051, 63.12686935124256, 62.95555047789697, 62.800241762639985, 62.72362098898613, 62.54962388383501, 62.433584071864814, 62.43066831366588, 62.372475062040664, 62.25643525007047, 62.23065614026526, 62.23065614026526, 62.23065614026526, 62.23065614026526, 62.03693307110018, 62.03693307110018, 62.03693307110018, 62.03693307110018, 62.03693307110018, 61.758666915934, 61.758666915934, 61.758666915934, 61.758666915934, 61.758666915934, 61.758666915934, 61.758666915934, 61.758666915934, 61.758666915934, 61.758666915934, 61.758666915934, 61.34101672630537, 60.754384275740684, 60.754384275740684, 60.754384275740684, 60.754384275740684, 60.754384275740684, 60.73431673318423, 60.73431673318423, 60.50195930563461, 60.50195930563461, 60.50195930563461, 60.50195930563461, 60.50195930563461, 60.50195930563461, 60.50195930563461, 60.50195930563461, 60.50195930563461, 60.50195930563461, 60.50195930563461, 60.50195930563461, 60.50195930563461, 60.39455268101016, 60.39455268101016, 60.39455268101016, 60.39455268101016, 60.39455268101016, 60.39455268101016, 60.39455268101016, 60.39455268101016, 60.39455268101016, 60.39455268101016, 60.39455268101016, 60.39455268101016, 60.39455268101016, 60.39455268101016, 60.39455268101016, 60.39455268101016, 60.39455268101016, 60.39455268101016, 60.385996772754886, 60.3209025920356, 60.3209025920356, 60.3209025920356, 60.3209025920356, 60.3209025920356, 60.3209025920356, 60.3209025920356, 60.3209025920356, 60.3209025920356, 60.3209025920356, 60.3209025920356, 60.3209025920356, 60.3209025920356, 60.3209025920356, 60.3209025920356, 59.69090475614988, 59.69090475614988, 59.66005578699566, 59.66005578699566, 59.66005578699566, 59.57787414231582, 59.57787414231582, 59.57787414231582, 59.57787414231582, 58.79530053820278, 58.79530053820278, 58.79530053820278, 58.79530053820278, 58.79530053820278, 58.79530053820278, 58.79530053820278, 58.79530053820278, 58.79530053820278, 58.79530053820278, 58.463646230407115, 58.463646230407115, 58.463646230407115, 58.463646230407115, 58.463646230407115, 58.463646230407115, 58.463646230407115, 58.463646230407115, 58.463646230407115, 58.437930641306394, 58.437930641306394, 58.437930641306394, 58.437930641306394, 58.437930641306394, 58.437930641306394, 58.437930641306394, 58.437930641306394, 58.437930641306394, 58.437930641306394, 58.437930641306394, 58.437930641306394, 57.83866504042967, 57.83866504042967, 57.83866504042967, 57.83866504042967, 57.83866504042967, 57.83866504042967, 57.83866504042967, 57.83866504042967, 57.83866504042967, 57.83866504042967, 57.83866504042967, 57.83866504042967, 57.83866504042967, 57.83866504042967, 57.83866504042967, 57.83866504042967, 57.83866504042967, 57.83866504042967, 57.83866504042967, 57.83866504042967, 57.83866504042967],