{"generation": [1, 2, 3, 4, 5, 6, 7, 8, 9, 10, 11, 12, 13, 14, 15, 16, 17, 18, 19, 20, 21, 22, 23, 24, 25, 26, 27, 28, 29, 30, 31, 32, 33, 34, 35, 36, 37, 38, 39, 40, 41, 42, 43, 44, 45, 46, 47, 48, 49, 50, 51, 52, 53, 54, 55, 56, 57, 58, 59, 60, 61, 62, 63, 64, 65, 66, 67, 68, 69, 70, 71, 72, 73, 74, 75, 76, 77, 78, 79, 80, 81, 82, 83, 84, 85, 86, 87, 88, 89, 90, 91, 92, 93, 94, 95, 96, 97, 98, 99, 100, 101, 102, 103, 104, 105, 106, 107, 108, 109, 110, 111, 112, 113, 114, 115, 116, 117, 118, 119, 120, 121, 122, 123, 124, 125, 126, 127, 128, 129, 130, 131, 132, 133, 134, 135, 136, 137, 138, 139, 140, 141, 142, 143, 144, 145, 146, 147, 148, 149, 150, 151, 152, 153, 154, 155, 156, 157, 158, 159, 160, 161, 162, 163, 164, 165, 166, 167, 168, 169, 170, 171, 172, 173, 174, 175, 176, 177, 178, 179, 180, 181, 182, 183, 184, 185, 186, 187, 188, 189, 190, 191, 192, 193, 194, 195, 196, 197, 198, 199, 200, 201, 202, 203, 204, 205, 206, 207, 208, 209, 210, 211, 212, 213, 214, 215, 216, 217, 218, 219, 220, 221, 222, 223, 224, 225, 226, 227, 228, 229, 230, 231, 232, 233, 234, 235, 236, 237, 238, 239, 240, 241, 242, 243, 244, 245, 246, 247, 248, 249, 250, 251], "loss": [210.55361351583787, 195.48454410183655, 181.75860228550658, 175.06256430403383, 167.19443885947607, 151.733111165034, 149.52040669743675, 141.51286463555522, 133.63045848897778, 126.95073411919945, 124.37090524893996, 120.53276311017986, 117.08159839062252, 113.18588814785667, 108.69489490756129, 106.10040874185266, 104.85467047029792, 102.68021108090527, 99.24091982615414, 97.18547677590976, 95.16435834295443, 92.46083030269006, 89.4932542713606, 87.01590375462499, 86.1546923626295, 83.93688233161761, 81.32770665056907, 79.70194277660377, 78.05563804141715, 77.64908208716477, 75.98385409459165, 74.77979580202108, 73.65933509459691, 71.80581796127227, 71.41862638741677, 71.23448176876123, 70.53533730175191, 70.19796439802812, 69.64164929912356, 68.68248727615676, 68.54040163155189, 68.41137271401102, 68.05537420616233, 67.83265322073804, 66.77007102405133, 66.11989463263362, 65.57507861949854, 65.3604896734728, 65.2650557476682, 65.2650557476682, 65.2650557476682, 65.17799526144539, 64.88114410408569, 64.83794987792987, 64.78261482721862, 64.75063271029676, 64.75063271029676, 64.75063271029676, 64.72869721203743, 64.72869721203743, 64.72869721203743, 64.28201026979134, 64.28201026979134, 64.28201026979134, 64.26303326843903, 64.26303326843903, 64.26303326843903, 64.26303326843903, 64.13266113061033, 64.13266113061033, 64.09603162563836, 64.09603162563836, 64.0689269127129, 64.00897113941556, 63.88702825084049, 63.60472978444792, 63.42912337155617, 63.395726409650045, 63.23486669225707, 62.915523594336754, 62.74356485106663, 62.74356485106663, 62.74356485106663, 62.74356485106663, 62.694935093257335, 62.694935093257335, 62.6562096932964, 62.6562096932964, 62.6562096932964, 62.6562096932964, 62.6562096932964, 62.6562096932964, 62.6562096932964, 62.6562096932964, 62.469881160116365, 62.469881160116365, 62.469881160116365, 62.469881160116365, 62.469881160116365, 62.469881160116365, 62.469881160116365, 62.469881160116365, 62.469881160116365, 62.469881160116365, 62.469881160116365, 62.469881160116365, 62.469881160116365, 62.469881160116365, 62.469881160116365, 62.469881160116365, 62.01887817991656, 62.01887817991656, 62.01887817991656, 62.01887817991656, 62.01887817991656, 62.01887817991656, 62.01887817991656, 62.01887817991656, 62.01887817991656, 62.01887817991656, 62.01887817991656, 62.01887817991656, 62.01887817991656, 62.01400765344486, 62.01400765344486, 62.01400765344486, 62.01400765344486, 61.97798752576096, 61.833547598689144, 61.456641413312646, 61.456641413312646, 61.456641413312646, 61.456641413312646, 61.456641413312646, 61.41566995041446, 61.3996698758064, 61.3996698758064, 61.3996698758064, 61.3996698758064, 61.3996698758064, 61.3996698758064, 61.3996698758064, 61.3996698758064, 61.3996698758064, 61.3996698758064, 60.890971731915066, 60.890971731915066, 60.890971731915066, 60.890971731915066, 60.890971731915066, 60.890971731915066, 60.65687868809082, 60.65687868809082, 60.65687868809082, 60.65687868809082, 60.65687868809082, 60.65687868809082, 60.65687868809082, 60.65687868809082, 60.65687868809082, 60.65687868809082, 60.65687868809082, 60.65687868809082, 60.65687868809082, 60.65687868809082, 60.65687868809082, 60.65687868809082, 60.65687868809082, 60.65687868809082, 60.554423023221, 60.554423023221, 60.49107371162142, 60.45541777207114, 60.45541777207114, 60.45541777207114, 60.45541777207114, 60.258409142539314, 60.258409142539314, 60.21535983001365, 60.21535983001365, 60.21535983001365, 60.21535983001365, 60.21535983001365, 60.21535983001365, 60.21535983001365, 60.21535983001365, 60.21535983001365, 60.21535983001365, 60.21535983001365, 60.21535983001365, 60.21535983001365, 60.21535983001365, 60.21535983001365, 60.149378534276885, 60.149378534276885, 59.99529350845264, 59.99529350845264, 59.99529350845264, 59.99169109189025, 59.99169109189025, 59.924132053507485, 59.9205296369451, 59.9205296369451, 59.9205296369451, 59.9205296369451, 59.7221745300725, 59.7221745300725, 59.7221745300725, 59.7221745300725, 59.7221745300725, 59.7221745300725, 59.7221745300725, 59.7221745300725, 59.61502512893555, 59.61502512893555, 59.61502512893555, 59.61502512893555, 59.61502512893555, 59.61502512893555, 59.61502512893555, 59.61502512893555, 59.61502512893555, 59.61502512893555, 59.61502512893555, 59.61502512893555, 59.61502512893555, 59.57717139734661, 59.57717139734661, 59.19149978626429, 59.19149978626429, 59.15364605467535, 59.15364605467535, 59.15364605467535, 59.15364605467535, 59.15364605467535, 59.15364605467535, 59.15364605467535, 59.15364605467535, 59.15364605467535, 59.15364605467535, 59.15364605467535, 59.15364605467535, 59.15364605467535, 59.15364605467535, 59.15364605467535, 59.15364605467535, 59.15364605467535, 59.15364605467535, 59.15364605467535, 59.15364605467535, 59.15364605467535],