{"generation": [1, 2, 3, 4, 5, 6, 7, 8, 9, 10, 11, 12, 13, 14, 15, 16, 17, 18, 19, 20, 21, 22, 23, 24, 25, 26, 27, 28, 29, 30, 31, 32, 33, 34, 35, 36, 37, 38, 39, 40, 41, 42, 43, 44, 45, 46, 47, 48, 49, 50, 51, 52, 53, 54, 55, 56, 57, 58, 59, 60, 61, 62, 63, 64, 65, 66, 67, 68, 69, 70, 71, 72, 73, 74, 75, 76, 77, 78, 79, 80, 81, 82, 83, 84, 85, 86, 87, 88, 89, 90, 91, 92, 93, 94, 95, 96, 97, 98, 99, 100, 101, 102, 103, 104, 105, 106, 107, 108, 109, 110, 111, 112, 113, 114, 115, 116, 117, 118, 119, 120, 121, 122, 123, 124, 125, 126, 127, 128, 129, 130, 131, 132, 133, 134, 135, 136, 137, 138, 139, 140, 141, 142, 143, 144, 145, 146, 147, 148, 149, 150, 151, 152, 153, 154, 155, 156, 157, 158, 159, 160, 161, 162, 163, 164, 165, 166, 167, 168, 169, 170, 171, 172, 173, 174, 175, 176, 177, 178, 179, 180, 181, 182, 183, 184, 185, 186, 187, 188, 189, 190, 191, 192, 193, 194, 195, 196, 197, 198, 199, 200, 201, 202, 203, 204, 205, 206, 207, 208, 209, 210, 211, 212, 213, 214, 215, 216, 217, 218, 219, 220, 221, 222, 223, 224, 225, 226, 227, 228, 229, 230, 231, 232, 233, 234, 235, 236, 237, 238, 239, 240, 241, 242, 243, 244, 245, 246, 247, 248, 249, 250, 251, 252, 253, 254, 255, 256, 257, 258, 259, 260, 261, 262, 263, 264, 265, 266, 267, 268, 269, 270, 271, 272, 273, 274, 275, 276, 277, 278, 279, 280, 281, 282, 283, 284, 285, 286, 287, 288, 289, 290, 291, 292, 293, 294, 295, 296], "loss": [203.02519571968514, 194.72396983746228, 187.20520937959023, 179.81280237052985, 171.54854214380802, 163.56517708887324, 157.13803897901641, 150.83786542392534, 146.2093720387865, 141.0037150735146, 137.39203883030427, 130.72354242912976, 126.2171339385315, 123.34074751794878, 118.40345277660529, 114.27134435923534, 111.0187163528171, 108.06312010755873, 105.98263597079999, 103.31553189176891, 101.01770694425325, 98.55678308119593, 96.95593331348483, 94.56382501819446, 92.7802611909112, 89.94066732066128, 87.78891577119792, 85.2094770050343, 84.72655623018798, 82.94751204756774, 81.43548925660335, 80.57002704133613, 78.3145601725431, 77.93195391740115, 76.56503619323293, 75.39274712178445, 74.92906861301434, 74.27189453534064, 71.7244710726559, 71.7244710726559, 70.97884025362721, 70.63971066278079, 69.68065906098006, 68.87393721151727, 68.21162762654573, 68.04142881492531, 67.3534752338823, 66.45860181600851, 66.10631494803938, 65.36253254144158, 64.7138806089805, 64.31532977548699, 64.06652215800791, 63.62038850937839, 63.32270008296127, 62.85729613254095, 62.421268158861714, 61.63647532843691, 61.24729180914108, 60.84006707221724, 60.53871007461183, 60.45370556817779, 60.45370556817779, 60.15967350158851, 59.695163505998124, 59.695163505998124, 59.695163505998124, 59.62889335253415, 59.179031529796596, 59.034540643242835, 58.61742002020392, 58.58031960351736, 57.99971395453179, 57.87539370439797, 57.77657048097377, 57.636212847257646, 57.53100592902363, 57.17388851655928, 57.17388851655928, 57.17388851655928, 57.126832486015836, 56.623000784829905, 56.623000784829905, 56.623000784829905, 56.29997785763909, 56.29997785763909, 56.25702959753348, 55.575471768538875, 55.47862069956294, 55.45999743877836, 55.45999743877836, 55.32866535844868, 55.298932385144845, 55.16375966038281, 55.09578128104666, 54.962646187726264, 54.891764185114724, 54.814487241737304, 54.71763617276137, 54.68498261471673, 54.588131545740794, 54.588131545740794, 54.424714812203646, 54.24802557560476, 54.24802557560476, 54.24802557560476, 54.24802557560476, 54.24802557560476, 54.24802557560476, 54.24802557560476, 54.24802557560476, 54.24802557560476, 54.18788388382464, 54.18788388382464, 54.18788388382464, 54.18788388382464, 54.18788388382464, 54.18788388382464, 54.18788388382464, 53.904718678305386, 53.904718678305386, 53.904718678305386, 53.904718678305386, 53.856953542806735, 53.856953542806735, 53.856953542806735, 53.856953542806735, 53.856953542806735, 53.714864034175804, 53.66709889867715, 53.66709889867715, 53.66709889867715, 53.66709889867715, 53.66709889867715, 53.66709889867715, 53.661861902937936, 53.661861902937936, 53.661861902937936, 53.65461405395763, 53.65461405395763, 53.65461405395763, 53.03470727921063, 53.03470727921063, 53.03470727921063, 52.977373134479315, 52.85028700599427, 52.79295286126294, 52.785749652195015, 52.60132937897864, 52.60132937897864, 52.52507492753913, 52.443861311352684, 52.443861311352684, 52.443861311352684, 52.443861311352684, 52.443861311352684, 52.37652348946621, 52.37652348946621, 52.37652348946621, 52.37652348946621, 52.37652348946621, 52.37652348946621, 52.37652348946621, 52.37652348946621, 52.28162473009461, 52.28162473009461, 52.28162473009461, 52.28162473009461, 52.28162473009461, 52.28162473009461, 51.921320405608064, 51.921320405608064, 51.921320405608064, 51.921320405608064, 51.921320405608064, 51.72780731125193, 51.72780731125193, 51.72780731125193, 51.72780731125193, 51.62621516558294, 51.62621516558294, 51.62621516558294, 51.62621516558294, 51.62621516558294, 51.62621516558294, 51.62621516558294, 51.62621516558294, 51.62621516558294, 51.49210536494363, 51.49210536494363, 51.49210536494363, 51.49210536494363, 51.49210536494363, 51.49210536494363, 51.49210536494363, 51.478583146882364, 51.478583146882364, 51.478583146882364, 51.478583146882364, 51.478583146882364, 51.267022781852894, 51.267022781852894, 51.267022781852894, 51.267022781852894, 51.267022781852894, 51.267022781852894, 51.267022781852894, 51.267022781852894, 51.267022781852894, 51.267022781852894, 51.267022781852894, 51.267022781852894, 51.267022781852894, 51.267022781852894, 51.267022781852894, 50.9375093637635, 50.9375093637635, 50.9375093637635, 50.9375093637635, 50.9375093637635, 50.9375093637635, 50.9375093637635, 50.92502451904398, 50.92502451904398, 50.92502451904398, 50.92502451904398, 50.92502451904398, 50.92502451904398, 50.92502451904398, 50.92502451904398, 50.92502451904398, 50.91773441691965, 50.71714710680205, 50.71714710680205, 50.71714710680205, 50.70985700467772, 50.70985700467772, 50.70985700467772, 50.70985700467772, 50.70985700467772, 50.654113534005965, 50.654113534005965, 50.654113534005965, 50.654113534005965, 50.654113534005965, 50.59874660365633, 50.50652353829546, 50.50652353829546, 50.50652353829546, 50.40586781425605, 50.40586781425605, 50.40586781425605, 50.40586781425605, 50.40586781425605, 50.40586781425605, 50.40586781425605, 50.40586781425605, 50.40586781425605, 50.40586781425605, 50.40586781425605, 50.40586781425605, 50.40586781425605, 50.40372548408188, 50.40372548408188, 50.40372548408188, 50.274293468389914, 50.274293468389914, 50.274293468389914, 50.274293468389914, 50.27215113821575, 50.27215113821575, 50.27215113821575, 50.27215113821575, 50.27215113821575, 50.27215113821575, 50.17885728824505, 50.17885728824505, 50.17885728824505, 50.17885728824505, 50.17885728824505, 50.17885728824505, 50.17885728824505, 50.17885728824505, 50.17885728824505, 50.17885728824505, 50.17885728824505, 50.17885728824505, 50.17885728824505, 50.17885728824505, 50.17885728824505, 50.17885728824505, 50.17885728824505, 50.17885728824505, 50.17885728824505, 50.17885728824505, 50.17885728824505],