{"generation": [1, 2, 3, 4, 5, 6, 7, 8, 9, 10, 11, 12, 13, 14, 15, 16, 17, 18, 19, 20, 21, 22, 23, 24, 25, 26, 27, 28], "loss": [26.10786074479065, 23.42609377830206, 21.55402511867639, 17.93677018988261, 17.380280735599733, 17.05713032290388, 16.542695935185293, 16.278156902110698, 16.278156902110698, 16.278156902110698, 16.278156902110698, 16.278156902110698, 16.278156902110698, 16.278156902110698, 16.278156902110698, 16.278156902110698, 16.278156902110698, 16.278156902110698, 16.278156902110698, 16.278156902110698, 16.278156902110698, 16.278156902110698, 16.278156902110698, 16.278156902110698, 16.278156902110698, 16.278156902110698, 16.278156902110698, 16.278156902110698], "delta": [26.10786074479065, 2.6817669664885884, 1.872068659625672, 3.6172549287937805, 0.5564894542828753, 0.32315041269585265, 0.5144343877185875, 0.2645390330745947, 0.0, 0.0, 0.0, 0.0, 0.0, 0.0, 0.0, 0.0, 0.0, 0.0, 0.0, 0.0, 0.0, 0.0, 0.0, 0.0, 0.0, 0.0, 0.0, 0.0]}