{"generation": [1, 2, 3, 4, 5, 6, 7, 8, 9, 10, 11, 12, 13, 14, 15, 16, 17, 18, 19, 20, 21, 22, 23, 24, 25, 26, 27, 28, 29, 30, 31], "loss": [27.488354996891175, 24.034026062560535, 21.444486382430114, 19.337137034647057, 17.965330791144467, 16.943003489246134, 16.70449989964332, 16.70449989964332, 16.704499899643316, 16.542695935185293, 16.278156902110705, 16.278156902110698, 16.278156902110698, 16.278156902110698, 16.278156902110698, 16.278156902110698, 16.278156902110698, 16.278156902110698, 16.278156902110698, 16.278156902110698, 16.278156902110698, 16.278156902110698, 16.278156902110698, 16.278156902110698, 16.278156902110698, 16.278156902110698, 16.278156902110698, 16.278156902110698, 16.278156902110698, 16.278156902110698, 16.278156902110698], "delta": [27.488354996891175, 3.45432893433064, 2.5895396801304216, 2.1073493477830567, 1.37180624350259, 1.0223273018983328, 0.23850358960281426, 0.0, 3.552713678800501e-15, 0.16180396445802359, 0.2645390330745876, 7.105427357601002e-15, 0.0, 0.0, 0.0, 0.0, 0.0, 0.0, 0.0, 0.0, 0.0, 0.0, 0.0, 0.0, 0.0, 0.0, 0.0, 0.0, 0.0, 0.0, 0.0]}