{"generation": [1, 2, 3, 4, 5, 6, 7, 8, 9, 10, 11, 12, 13, 14, 15, 16, 17, 18, 19, 20, 21, 22, 23, 24, 25, 26, 27, 28, 29, 30, 31, 32], "loss": [29.818773940650107, 28.194158917928007, 24.668830585336067, 22.921317974358715, 20.246644992842814, 18.226325280233098, 18.115830275464358, 17.735039078498946, 17.705930524828627, 17.482589825144935, 17.48258982514493, 17.46163575371907, 17.46163575371907, 17.46163575371907, 17.46163575371907, 17.46163575371907, 17.46163575371907, 17.46163575371907, 17.46163575371907, 17.46163575371907, 17.46163575371907, 17.46163575371907, 17.46163575371907, 17.46163575371907, 17.46163575371907, 17.46163575371907, 17.46163575371907, 17.46163575371907, 17.46163575371907, 17.46163575371907, 17.46163575371907, 17.46163575371907], "delta": [29.818773940650107, 1.6246150227221001, 3.52532833259194, 1.7475126109773527, 2.6746729815159007, 2.020319712609716, 0.1104950047687403, 0.3807911969654114, 0.02910855367031928, 0.22334069968369263, 3.552713678800501e-15, 0.020954071425862253, 0.0, 0.0, 0.0, 0.0, 0.0, 0.0, 0.0, 0.0, 0.0, 0.0, 0.0, 0.0, 0.0, 0.0, 0.0, 0.0, 0.0, 0.0, 0.0, 0.0]}