{"generation": [1, 2, 3, 4, 5, 6, 7, 8, 9, 10, 11, 12, 13, 14, 15, 16, 17, 18, 19, 20, 21, 22, 23, 24, 25, 26, 27, 28, 29, 30, 31, 32, 33, 34], "loss": [32.37749201553805, 26.498633728630523, 23.257940776443256, 21.99374392319595, 20.207901610161745, 18.59029021845241, 17.874279071865633, 17.874279071865633, 17.874279071865633, 17.874279071865633, 17.874279071865633, 17.874279071865633, 17.874279071865633, 17.651833662118502, 17.651833662118502, 17.651833662118502, 17.651833662118502, 17.651833662118502, 17.651833662118502, 17.651833662118502, 17.651833662118502, 17.651833662118502, 17.651833662118502, 17.651833662118502, 17.651833662118502, 17.651833662118502, 17.651833662118502, 17.651833662118502, 17.651833662118502, 17.651833662118502, 17.651833662118502, 17.651833662118502, 17.651833662118502, 17.651833662118502], "delta": [32.37749201553805, 5.87885828690753, 3.240692952187267, 1.2641968532473058, 1.7858423130342054, 1.6176113917093353, 0.7160111465867764, 0.0, 0.0, 0.0, 0.0, 0.0, 0.0, 0.2224454097471309, 0.0, 0.0, 0.0, 0.0, 0.0, 0.0, 0.0, 0.0, 0.0, 0.0, 0.0, 0.0, 0.0, 0.0, 0.0, 0.0, 0.0, 0.0, 0.0, 0.0]}