{"generation": [1, 2, 3, 4, 5, 6, 7, 8, 9, 10, 11, 12, 13, 14, 15, 16, 17, 18, 19, 20, 21, 22, 23, 24, 25, 26, 27, 28, 29, 30, 31, 32, 33, 34, 35, 36, 37, 38, 39, 40, 41], "loss": [40.45168645199695, 35.646844030429826, 31.696554564521907, 28.881221185717227, 27.803787445780706, 25.142079899479704, 24.33861197188088, 22.499760655681126, 21.59311087364303, 21.117112645143624, 20.257539487478954, 20.257539487478954, 19.805301991542226, 19.38048411691167, 19.302396446986734, 19.246007017633985, 19.246007017633985, 19.212655205664877, 19.212655205664873, 19.212655205664866, 19.200334024882604, 19.200334024882604, 19.200334024882604, 19.200334024882604, 19.200334024882604, 19.200334024882604, 19.200334024882604, 19.200334024882604, 19.200334024882604, 19.200334024882604, 19.200334024882604, 19.200334024882604, 19.200334024882604, 19.200334024882604, 19.200334024882604, 19.200334024882604, 19.200334024882604, 19.200334024882604, 19.200334024882604, 19.200334024882604, 19.200334024882604], "delta": [40.45168645199695, 4.804842421567123, 3.950289465907918, 2.815333378804681, 1.0774337399365201, 2.6617075463010025, 0.8034679275988239, 1.8388513161997544, 0.9066497820380945, 0.47599822849940665, 0.8595731576646699, 0.0, 0.45223749593672835, 0.42481787463055554, 0.07808766992493688, 0.056389429352748266, 0.0, 0.033351811969108525, 3.552713678800501e-15, 7.105427357601002e-15, 0.012321180782262076, 0.0, 0.0, 0.0, 0.0, 0.0, 0.0, 0.0, 0.0, 0.0, 0.0, 0.0, 0.0, 0.0, 0.0, 0.0, 0.0, 0.0, 0.0, 0.0, 0.0]}