{"generation": [1, 2, 3, 4, 5, 6, 7, 8, 9, 10, 11, 12, 13, 14, 15, 16, 17, 18, 19, 20, 21, 22, 23, 24, 25, 26, 27, 28, 29, 30, 31, 32, 33, 34, 35], "loss": [40.074786305554724, 36.121628536012686, 32.25853995215713, 30.150329313950504, 28.245570142169157, 24.71429417590741, 24.076608351810368, 22.300032448227267, 21.283123523425694, 20.192151969991823, 19.817029187153743, 19.58964552006392, 19.176861883759, 19.13904174014769, 19.046929203224742, 19.046929203224742, 19.046929203224742, 19.046929203224742, 19.046929203224742, 19.046929203224742, 19.046929203224742, 19.046929203224742, 19.046929203224742, 19.046929203224742, 19.046929203224742, 19.046929203224742, 19.046929203224742, 19.046929203224742, 19.046929203224742, 19.046929203224742, 19.046929203224742, 19.046929203224742, 19.046929203224742, 19.046929203224742, 19.046929203224742], "delta": [40.074786305554724, 3.953157769542038, 3.863088583855557, 2.108210638206625, 1.9047591717813468, 3.5312759662617488, 0.6376858240970407, 1.776575903583101, 1.016908924801573, 1.0909715534338709, 0.37512278283807987, 0.22738366708982127, 0.41278363630492265, 0.037820143611309476, 0.09211253692294719, 0.0, 0.0, 0.0, 0.0, 0.0, 0.0, 0.0, 0.0, 0.0, 0.0, 0.0, 0.0, 0.0, 0.0, 0.0, 0.0, 0.0, 0.0, 0.0, 0.0]}