{"generation": [1, 2, 3, 4, 5, 6, 7, 8, 9, 10, 11, 12, 13, 14, 15, 16, 17, 18, 19, 20, 21, 22, 23, 24, 25, 26, 27, 28, 29, 30, 31, 32, 33, 34, 35, 36, 37, 38, 39, 40, 41, 42, 43, 44, 45, 46, 47, 48, 49, 50, 51, 52, 53, 54, 55, 56, 57, 58, 59, 60, 61], "loss": [42.45068847976263, 36.11766920864039, 31.015395339109272, 29.060436218324554, 26.94049403649002, 25.04272351466499, 24.125059071990826, 23.278089699666833, 22.2803921319656, 21.616314080191728, 21.197689244995118, 20.887178501797894, 20.562207710386378, 20.26228165809168, 19.65103223165269, 19.287802101062077, 19.154227853553625, 19.154227853553625, 19.154227853553625, 19.11850789665216, 19.11188583817386, 19.082919218418063, 19.01141223675644, 19.01141223675644, 19.01141223675644, 19.01141223675644, 19.01141223675644, 19.01141223675644, 19.01141223675644, 19.01141223675644, 19.01141223675644, 19.01141223675644, 19.01141223675644, 19.01141223675644, 19.01141223675644, 18.803925093135835, 18.803925093135835, 18.803925093135835, 18.803925093135835, 18.796653594424694, 18.15049473362266, 18.15049473362266, 18.15049473362266, 18.15049473362266, 18.15049473362266, 18.15049473362266, 18.15049473362266, 18.15049473362266, 18.15049473362266, 18.15049473362266, 18.15049473362266, 18.15049473362266, 18.15049473362266, 18.15049473362266, 18.15049473362266, 18.15049473362266, 18.15049473362266, 18.15049473362266, 18.15049473362266, 18.15049473362266, 18.15049473362266], "delta": [42.45068847976263, 6.3330192711222395, 5.102273869531121, 1.954959120784718, 2.119942181834535, 1.8977705218250307, 0.9176644426741625, 0.8469693723239935, 0.9976975677012341, 0.6640780517738705, 0.41862483519661, 0.3105107431972236, 0.3249707914115163, 0.2999260522946976, 0.6112494264389916, 0.3632301305906118, 0.13357424750845226, 0.0, 0.0, 0.035719956901463235, 0.006622058478303217, 0.02896661975579562, 0.07150698166162428, 0.0, 0.0, 0.0, 0.0, 0.0, 0.0, 0.0, 0.0, 0.0, 0.0, 0.0, 0.0, 0.20748714362060383, 0.0, 0.0, 0.0, 0.007271498711141078, 0.6461588608020321, 0.0, 0.0, 0.0, 0.0, 0.0, 0.0, 0.0, 0.0, 0.0, 0.0, 0.0, 0.0, 0.0, 0.0, 0.0, 0.0, 0.0, 0.0, 0.0, 0.0]}