{"generation": [1, 2, 3, 4, 5, 6, 7, 8, 9, 10, 11, 12, 13, 14, 15, 16, 17, 18, 19, 20, 21, 22, 23, 24, 25, 26, 27, 28, 29, 30, 31, 32, 33, 34, 35, 36, 37, 38, 39, 40, 41, 42, 43], "loss": [41.77938745797693, 35.79782525880592, 32.09851823061518, 29.204977245977922, 26.259935692138853, 25.270842488535596, 22.786064050771746, 22.010631784975732, 21.853282247962632, 20.418805010776335, 20.418805010776335, 20.069762930027988, 19.766921481275908, 19.29579265638355, 19.29579265638355, 19.21806926009908, 18.986005090469117, 18.986005090469117, 18.986005090469117, 18.96998987918357, 18.96998987918357, 18.96998987918357, 18.96171109042285, 18.96171109042285, 18.96171109042285, 18.96171109042285, 18.96171109042285, 18.96171109042285, 18.96171109042285, 18.96171109042285, 18.96171109042285, 18.96171109042285, 18.96171109042285, 18.96171109042285, 18.96171109042285, 18.96171109042285, 18.96171109042285, 18.96171109042285, 18.96171109042285, 18.96171109042285, 18.96171109042285, 18.96171109042285, 18.96171109042285], "delta": [41.77938745797693, 5.981562199171009, 3.699307028190745, 2.893540984637255, 2.9450415538390686, 0.9890932036032574, 2.4847784377638504, 0.7754322657960131, 0.15734953701310062, 1.4344772371862966, 0.0, 0.3490420807483474, 0.30284144875207986, 0.4711288248923573, 0.0, 0.077723396284469, 0.23206416962996457, 0.0, 0.0, 0.016015211285548503, 0.0, 0.0, 0.008278788760719635, 0.0, 0.0, 0.0, 0.0, 0.0, 0.0, 0.0, 0.0, 0.0, 0.0, 0.0, 0.0, 0.0, 0.0, 0.0, 0.0, 0.0, 0.0, 0.0, 0.0]}