{"generation": [1, 2, 3, 4, 5, 6, 7, 8, 9, 10, 11, 12, 13, 14, 15, 16, 17, 18, 19, 20, 21, 22, 23, 24, 25, 26, 27, 28, 29, 30, 31, 32, 33, 34, 35, 36, 37, 38, 39, 40, 41, 42, 43, 44, 45, 46], "loss": [57.860935048795604, 52.442596921104524, 49.04918162485957, 43.84544262526006, 41.03679084468594, 39.0946505005311, 37.35277441674838, 34.50826629849925, 32.63491449786729, 30.08703308858001, 29.006963917272525, 27.410337305296764, 27.196232926806584, 26.551935572125746, 26.012716767159993, 25.50980616828193, 24.743452856247966, 24.560833721673326, 24.151395706765904, 23.37521126070079, 23.036261460647797, 23.036261460647797, 22.94756371771569, 22.87902940052085, 22.61571506512605, 22.370499449420468, 22.37049944942046, 22.370499449420457, 22.370499449420457, 22.370499449420457, 22.370499449420457, 22.370499449420457, 22.370499449420457, 22.370499449420457, 22.370499449420457, 22.370499449420457, 22.370499449420457, 22.370499449420457, 22.370499449420457, 22.370499449420457, 22.370499449420457, 22.370499449420457, 22.370499449420457, 22.370499449420457, 22.370499449420457, 22.370499449420457], "delta": [57.860935048795604, 5.418338127691079, 3.393415296244953, 5.2037389995995085, 2.808651780574124, 1.9421403441548364, 1.7418760837827207, 2.8445081182491307, 1.8733518006319585, 2.5478814092872817, 1.0800691713074855, 1.5966266119757613, 0.21410437849018038, 0.6442973546808375, 0.5392188049657527, 0.5029105988780636, 0.7663533120339636, 0.18261913457464019, 0.4094380149074226, 0.7761844460651126, 0.338949800052994, 0.0, 0.08869774293210853, 0.06853431719483893, 0.2633143353947993, 0.24521561570558248, 7.105427357601002e-15, 3.552713678800501e-15, 0.0, 0.0, 0.0, 0.0, 0.0, 0.0, 0.0, 0.0, 0.0, 0.0, 0.0, 0.0, 0.0, 0.0, 0.0, 0.0, 0.0, 0.0]}