{"generation": [1, 2, 3, 4, 5, 6, 7, 8, 9, 10, 11, 12, 13, 14, 15, 16, 17, 18, 19, 20, 21, 22, 23, 24, 25, 26, 27, 28, 29, 30, 31, 32, 33, 34, 35, 36, 37, 38, 39, 40, 41, 42, 43, 44, 45, 46, 47, 48, 49, 50, 51, 52, 53, 54, 55, 56, 57, 58, 59, 60, 61, 62, 63, 64, 65, 66, 67, 68, 69, 70, 71, 72, 73, 74, 75, 76, 77, 78, 79], "loss": [60.735271644389286, 53.84969173432989, 49.054088984731735, 42.52568837877881, 40.19096677984933, 37.495916767755716, 35.02220105169356, 32.98851924311615, 30.685861251583162, 29.151425412788882, 28.816828756610022, 27.941607747337805, 27.01316499508038, 25.876288321195076, 25.363263203006156, 24.986120110694046, 24.74442083429507, 24.389126670947782, 24.257253979138177, 24.108828881946202, 24.108828881946202, 24.108828881946202, 23.83997137819553, 23.568118244100496, 23.358086788673837, 23.358086788673837, 23.358086788673837, 23.358086788673837, 23.358086788673837, 23.358086788673837, 23.358086788673837, 23.358086788673837, 23.358086788673837, 23.358086788673837, 23.358086788673837, 23.358086788673837, 23.358086788673837, 23.222040437441123, 23.222040437441123, 23.222040437441123, 23.222040437441123, 23.222040437441123, 23.222040437441123, 23.222040437441123, 23.222040437441123, 23.19281592485421, 23.19281592485421, 23.19281592485421, 23.19281592485421, 23.19281592485421, 23.19281592485421, 23.19281592485421, 23.19281592485421, 23.19281592485421, 23.19281592485421, 23.19281592485421, 23.19281592485421, 23.19281592485421, 22.940210886965723, 22.940210886965723, 22.940210886965723, 22.940210886965723, 22.940210886965723, 22.940210886965723, 22.940210886965723, 22.940210886965723, 22.940210886965723, 22.940210886965723, 22.940210886965723, 22.940210886965723, 22.940210886965723, 22.940210886965723, 22.940210886965723, 22.940210886965723, 22.940210886965723, 22.940210886965723, 22.940210886965723, 22.940210886965723, 22.940210886965723], "delta": [60.735271644389286, 6.885579910059398, 4.795602749598153, 6.528400605952925, 2.3347215989294767, 2.695050012093617, 2.4737157160621592, 2.0336818085774055, 2.302657991532989, 1.5344358387942805, 0.33459665617886003, 0.8752210092722166, 0.9284427522574248, 1.136876673885304, 0.5130251181889207, 0.3771430923121102, 0.24169927639897537, 0.35529416334728836, 0.1318726918096047, 0.14842509719197494, 0.0, 0.0, 0.26885750375067374, 0.2718531340950321, 0.2100314554266589, 0.0, 0.0, 0.0, 0.0, 0.0, 0.0, 0.0, 0.0, 0.0, 0.0, 0.0, 0.0, 0.13604635123271436, 0.0, 0.0, 0.0, 0.0, 0.0, 0.0, 0.0, 0.029224512586914386, 0.0, 0.0, 0.0, 0.0, 0.0, 0.0, 0.0, 0.0, 0.0, 0.0, 0.0, 0.0, 0.2526050378884861, 0.0, 0.0, 0.0, 0.0, 0.0, 0.0, 0.0, 0.0, 0.0, 0.0, 0.0, 0.0, 0.0, 0.0, 0.0, 0.0, 0.0, 0.0, 0.0, 0.0]}