{"generation": [1, 2, 3, 4, 5, 6, 7, 8, 9, 10, 11, 12, 13, 14, 15, 16, 17, 18, 19, 20, 21, 22, 23, 24, 25, 26, 27, 28, 29, 30, 31, 32, 33, 34, 35, 36, 37, 38, 39, 40, 41, 42, 43, 44, 45, 46, 47, 48, 49, 50, 51, 52, 53, 54, 55, 56, 57, 58, 59, 60, 61, 62, 63, 64, 65, 66, 67, 68, 69, 70, 71, 72, 73, 74, 75, 76, 77, 78, 79, 80, 81, 82, 83, 84, 85, 86, 87, 88, 89], "loss": [61.761151701194194, 55.23780043158009, 47.862927289819496, 44.82668947834384, 39.71847830601461, 36.28169865140825, 33.92467851871524, 32.15310281891299, 30.33212593737779, 27.781982883728595, 26.544412433552466, 26.130107274527095, 25.80692430843939, 25.123057710533647, 25.037784962063963, 24.53953499128264, 24.479449699148876, 24.132370519166766, 23.874392712843502, 23.874392712843502, 23.76259907823269, 23.605025583065412, 23.338774258627108, 23.040730217572687, 22.81293328100106, 22.48172672166314, 22.2770594756121, 22.221537478225034, 22.220354423596145, 21.989175900664794, 21.989175900664794, 21.84429986524006, 21.68355661894832, 21.67695475143315, 21.67695475143315, 21.67695475143315, 21.630745870105848, 21.630745870105848, 21.532078716008417, 21.485869834681115, 21.485869834681115, 21.446471308503792, 21.446471308503792, 21.446471308503792, 21.446471308503792, 21.37946115809756, 21.37946115809756, 21.37946115809756, 21.37946115809756, 21.37946115809756, 21.37946115809756, 21.37946115809756, 21.37946115809756, 21.37946115809756, 21.37946115809756, 21.37946115809756, 21.37946115809756, 21.37946115809756, 21.37946115809756, 21.37946115809756, 21.37946115809756, 21.37946115809756, 21.37946115809756, 21.37946115809756, 21.324590936744983, 21.324590936744983, 21.233965042171057, 21.17971490132025, 21.16852948962328, 21.16852948962328, 21.16852948962328, 21.16852948962328, 21.16852948962328, 21.16852948962328, 21.16852948962328, 21.16852948962328, 21.16852948962328, 21.16852948962328, 21.16852948962328, 21.16852948962328, 21.16852948962328, 21.16852948962328, 21.16852948962328, 21.16852948962328, 21.16852948962328, 21.16852948962328, 21.16852948962328, 21.16852948962328, 21.16852948962328], "delta": [61.761151701194194, 6.523351269614103, 7.374873141760595, 3.036237811475658, 5.108211172329227, 3.4367796546063616, 2.357020132693009, 1.7715756998022485, 1.820976881535202, 2.550143053649194, 1.237570450176129, 0.41430515902537124, 0.3231829660877068, 0.683866597905741, 0.08527274846968425, 0.49824997078132327, 0.060085292133763346, 0.34707917998211, 0.2579778063232645, 0.0, 0.11179363461081238, 0.15757349516727714, 0.26625132443830424, 0.29804404105442117, 0.22779693657162525, 0.33120655933792165, 0.20466724605104147, 0.055521997387064204, 0.0011830546288891242, 0.23117852293135144, 0.0, 0.14487603542473337, 0.16074324629174086, 0.006601867515168891, 0.0, 0.0, 0.04620888132730272, 0.0, 0.09866715409743065, 0.04620888132730272, 0.0, 0.039398526177322424, 0.0, 0.0, 0.0, 0.06701015040623304, 0.0, 0.0, 0.0, 0.0, 0.0, 0.0, 0.0, 0.0, 0.0, 0.0, 0.0, 0.0, 0.0, 0.0, 0.0, 0.0, 0.0, 0.0, 0.054870221352576465, 0.0, 0.09062589457392534, 0.05425014085080804, 0.01118541169697096, 0.0, 0.0, 0.0, 0.0, 0.0, 0.0, 0.0, 0.0, 0.0, 0.0, 0.0, 0.0, 0.0, 0.0, 0.0, 0.0, 0.0, 0.0, 0.0, 0.0]}