{"generation": [1, 2, 3, 4, 5, 6, 7, 8, 9, 10, 11, 12, 13, 14, 15, 16, 17, 18, 19, 20, 21, 22, 23, 24, 25, 26, 27, 28, 29, 30, 31, 32, 33, 34, 35, 36, 37, 38, 39, 40, 41, 42, 43, 44, 45, 46, 47], "loss": [58.20132744249727, 52.518564373600775, 49.428174491193595, 45.193112040063724, 41.99577448373656, 38.89252953965142, 36.350078547343344, 34.98139837788621, 33.57719289743833, 31.507478697498694, 30.32138785806262, 28.303107231207054, 27.305761838116847, 26.6425437462339, 26.526287696440153, 25.961499276332194, 25.87009357253801, 25.52461516449712, 25.385707319893577, 25.385707319893577, 25.173631566958825, 25.173631566958825, 25.140715614798957, 24.77198752625462, 24.77198752625462, 24.77198752625462, 24.08539257897591, 24.08539257897591, 24.08539257897591, 24.08539257897591, 24.08539257897591, 24.08539257897591, 24.08539257897591, 24.08539257897591, 24.08539257897591, 24.08539257897591, 24.08539257897591, 24.08539257897591, 24.08539257897591, 24.08539257897591, 24.08539257897591, 24.08539257897591, 24.08539257897591, 24.08539257897591, 24.08539257897591, 24.08539257897591, 24.08539257897591], "delta": [58.20132744249727, 5.682763068896499, 3.0903898824071803, 4.2350624511298705, 3.197337556327163, 3.103244944085141, 2.5424509923080763, 1.3686801694571358, 1.404205480447878, 2.069714199939636, 1.1860908394360727, 2.0182806268555673, 0.9973453930902068, 0.6632180918829462, 0.1162560497937477, 0.5647884201079592, 0.09140570379418378, 0.3454784080408899, 0.1389078446035441, 0.0, 0.21207575293475145, 0.0, 0.03291595215986831, 0.36872808854433714, 0.0, 0.0, 0.6865949472787101, 0.0, 0.0, 0.0, 0.0, 0.0, 0.0, 0.0, 0.0, 0.0, 0.0, 0.0, 0.0, 0.0, 0.0, 0.0, 0.0, 0.0, 0.0, 0.0, 0.0]}