{"generation": [1, 2, 3, 4, 5, 6, 7, 8, 9, 10, 11, 12, 13, 14, 15, 16, 17, 18, 19, 20, 21, 22, 23, 24, 25, 26, 27, 28, 29, 30, 31, 32, 33, 34, 35, 36, 37, 38, 39, 40, 41, 42, 43, 44, 45, 46, 47, 48, 49, 50, 51, 52, 53, 54, 55, 56, 57, 58, 59, 60, 61, 62, 63, 64, 65, 66, 67, 68, 69, 70, 71, 72, 73, 74, 75, 76, 77, 78, 79, 80, 81, 82, 83, 84, 85, 86, 87, 88, 89, 90, 91, 92, 93, 94, 95, 96, 97, 98, 99, 100, 101, 102, 103, 104, 105, 106, 107, 108, 109, 110, 111, 112], "loss": [69.66823081129228, 68.31008268291997, 65.74965689171232, 61.12312000327122, 57.318748724298636, 53.420902625734186, 49.74872618037144, 45.36993217083682, 43.4561745766284, 40.98456474752606, 40.83871128935146, 39.219968222179595, 37.687588711333554, 36.70761580649951, 35.234090467214884, 34.09331718113718, 33.75424580442135, 33.48612527057025, 33.03860610091689, 32.58225784315586, 32.57005200571099, 32.46535002080186, 32.386863978032345, 31.96900387237426, 31.89575792836473, 31.452611345445618, 31.12991189831491, 31.054279635701803, 30.642849527367538, 30.376284248425662, 30.08631727463082, 29.024737276543238, 28.86999637698102, 28.827958388886838, 28.473272335397795, 28.473272335397795, 28.473272335397795, 28.3985799031604, 28.366476050693496, 28.366476050693496, 28.366476050693496, 28.3459663865333, 28.3459663865333, 28.178559817255856, 28.158050153095658, 28.158050153095658, 28.158050153095658, 28.158050153095658, 28.158050153095658, 28.158050153095658, 28.158050153095658, 28.158050153095658, 28.158050153095658, 28.0674594472716, 28.0674594472716, 28.0674594472716, 27.780088920735523, 27.780088920735523, 27.780088920735523, 27.780088920735523, 27.780088920735523, 27.73600202229053, 27.73600202229053, 27.73600202229053, 27.73600202229053, 27.73600202229053, 27.73600202229053, 27.73600202229053, 27.73600202229053, 27.73600202229053, 27.73600202229053, 27.73600202229053, 27.73600202229053, 27.73600202229053, 27.73600202229053, 27.595940394010597, 27.595940394010597, 27.595940394010597, 27.595940394010597, 27.595940394010597, 27.595940394010597, 27.595940394010597, 27.595940394010597, 27.595940394010597, 27.47454967103972, 27.47454967103972, 27.47454967103972, 27.47454967103972, 27.398453818396778, 27.398453818396778, 27.398453818396778, 27.38212534927376, 27.38212534927376, 27.38212534927376, 27.38212534927376, 27.38212534927376, 27.38212534927376, 27.38212534927376, 27.38212534927376, 27.38212534927376, 27.38212534927376, 27.38212534927376, 27.38212534927376, 27.38212534927376, 27.38212534927376, 27.38212534927376, 27.38212534927376, 27.38212534927376, 27.38212534927376, 27.38212534927376, 27.38212534927376, 27.38212534927376], "delta": [69.66823081129228, 1.3581481283723065, 2.560425791207649, 4.626536888441102, 3.8043712789725816, 3.8978460985644503, 3.6721764453627443, 4.378794009534623, 1.9137575942084197, 2.4716098291023414, 0.14585345817459938, 1.618743067171863, 1.5323795108460416, 0.9799729048340424, 1.4735253392846275, 1.1407732860777031, 0.3390713767158289, 0.26812053385110346, 0.44751916965336136, 0.4563482577610287, 0.01220583744486703, 0.10470198490913418, 0.07848604276951221, 0.41786010565808596, 0.07324594400952833, 0.4431465829191126, 0.3226994471307094, 0.07563226261310518, 0.4114301083342653, 0.26656527894187576, 0.2899669737948436, 1.0615799980875806, 0.15474089956221704, 0.04203798809418302, 0.3546860534890435, 0.0, 0.0, 0.07469243223739497, 0.032103852466903504, 0.0, 0.0, 0.020509664160197616, 0.0, 0.16740656927744269, 0.020509664160197616, 0.0, 0.0, 0.0, 0.0, 0.0, 0.0, 0.0, 0.0, 0.09059070582405937, 0.0, 0.0, 0.2873705265360762, 0.0, 0.0, 0.0, 0.0, 0.04408689844499136, 0.0, 0.0, 0.0, 0.0, 0.0, 0.0, 0.0, 0.0, 0.0, 0.0, 0.0, 0.0, 0.0, 0.14006162827993407, 0.0, 0.0, 0.0, 0.0, 0.0, 0.0, 0.0, 0.0, 0.12139072297087594, 0.0, 0.0, 0.0, 0.07609585264294338, 0.0, 0.0, 0.01632846912301744, 0.0, 0.0, 0.0, 0.0, 0.0, 0.0, 0.0, 0.0, 0.0, 0.0, 0.0, 0.0, 0.0, 0.0, 0.0, 0.0, 0.0, 0.0, 0.0, 0.0]}