{"generation": [1, 2, 3, 4, 5, 6, 7, 8, 9, 10, 11, 12, 13, 14, 15, 16, 17, 18, 19, 20, 21, 22, 23, 24, 25, 26, 27, 28, 29, 30, 31, 32, 33, 34, 35, 36, 37, 38, 39, 40, 41, 42, 43, 44, 45, 46, 47, 48, 49, 50, 51, 52, 53, 54, 55, 56, 57, 58, 59, 60, 61, 62, 63, 64, 65, 66, 67, 68, 69, 70, 71, 72, 73, 74, 75, 76, 77, 78, 79, 80, 81, 82, 83, 84, 85, 86, 87, 88, 89, 90, 91, 92, 93, 94, 95, 96, 97, 98, 99, 100, 101, 102, 103, 104, 105, 106, 107, 108, 109, 110, 111, 112, 113, 114, 115, 116, 117, 118, 119, 120, 121, 122, 123, 124, 125, 126, 127, 128, 129, 130, 131, 132, 133, 134, 135, 136, 137, 138, 139, 140, 141, 142, 143, 144, 145, 146, 147, 148, 149, 150, 151, 152, 153, 154], "loss": [81.42409528961454, 72.88914622143166, 67.52881373156217, 62.45149754716069, 56.79512355583365, 53.51251832128702, 50.14396834911986, 48.389501749425705, 45.53337760815169, 42.37571065864459, 40.815291794550575, 39.82452430977425, 37.37218630193352, 35.435909423751006, 34.355359152422366, 33.158802764684665, 32.7279782795117, 32.05904894665669, 31.887381435581645, 31.416579281797087, 31.074731692021984, 31.074731692021977, 30.55787195483799, 30.424652789582037, 29.944385920864494, 29.811166755608554, 29.323373339594735, 28.997884080432012, 28.657685126428174, 28.657685126428174, 28.657685126428174, 28.657685126428174, 28.657685126428174, 28.657685126428174, 28.657685126428174, 28.657685126428174, 28.657685126428174, 28.657685126428174, 28.657685126428174, 28.65003067227539, 28.65003067227539, 28.65003067227539, 28.65003067227539, 28.65003067227539, 28.65003067227539, 28.647527054345286, 28.647527054345286, 28.647527054345286, 28.647527054345286, 28.647527054345286, 28.647527054345286, 28.647527054345286, 28.647527054345286, 28.647527054345286, 28.647527054345286, 28.647527054345286, 28.53263545390158, 28.53263545390158, 28.53263545390158, 28.53263545390158, 28.53263545390158, 28.53263545390158, 28.53263545390158, 28.53263545390158, 28.53263545390158, 28.53263545390158, 28.53263545390158, 28.53263545390158, 28.53263545390158, 28.53263545390158, 28.53263545390158, 28.53263545390158, 28.53263545390158, 28.53263545390158, 28.53263545390158, 28.28685126413001, 28.28685126413001, 28.28685126413001, 28.28685126413001, 28.09884454430118, 28.09884454430118, 28.09884454430118, 28.09884454430118, 28.01204301002603, 28.01204301002603, 27.940668963175952, 27.940668963175952, 27.940668963175952, 27.920159299015754, 27.920159299015754, 27.920159299015754, 27.920159299015754, 27.920159299015754, 27.920159299015754, 27.920159299015754, 27.920159299015754, 27.920159299015754, 27.920159299015754, 27.920159299015754, 27.920159299015754, 27.920159299015754, 27.920159299015754, 27.920159299015754, 27.844181848641608, 27.844181848641608, 27.844181848641608, 27.844181848641608, 27.844181848641608, 27.844181848641608, 27.844181848641608, 27.844181848641608, 27.844181848641608, 27.844181848641608, 27.844181848641608, 27.844181848641608, 27.844181848641608, 27.844181848641608, 27.844181848641608, 27.826716223789482, 27.826716223789482, 27.826716223789482, 27.826716223789482, 27.826716223789482, 27.826716223789482, 27.826716223789482, 27.826716223789482, 27.826716223789482, 27.826716223789482, 27.826716223789482, 27.826716223789482, 27.826716223789482, 27.826716223789482, 27.826716223789482, 27.81295832996248, 27.81295832996248, 27.81295832996248, 27.81295832996248, 27.81295832996248, 27.81295832996248, 27.81295832996248, 27.81295832996248, 27.81295832996248, 27.81295832996248, 27.81295832996248, 27.81295832996248, 27.81295832996248, 27.81295832996248, 27.81295832996248, 27.81295832996248, 27.81295832996248, 27.81295832996248, 27.81295832996248, 27.81295832996248, 27.81295832996248], "delta": [81.42409528961454, 8.534949068182883, 5.360332489869492, 5.077316184401475, 5.656373991327044, 3.2826052345466294, 3.368549972167159, 1.7544665996941546, 2.856124141274016, 3.157666949507096, 1.560418864094018, 0.9907674847763275, 2.45233800784073, 1.936276878182511, 1.0805502713286401, 1.1965563877377008, 0.43082448517296257, 0.668929332855015, 0.17166751107504297, 0.4708021537845575, 0.341847589775103, 7.105427357601002e-15, 0.5168597371839887, 0.13321916525595157, 0.48026686871754265, 0.1332191652559409, 0.48779341601381887, 0.32548925916272253, 0.3401989540038386, 0.0, 0.0, 0.0, 0.0, 0.0, 0.0, 0.0, 0.0, 0.0, 0.0, 0.007654454152785206, 0.0, 0.0, 0.0, 0.0, 0.0, 0.002503617930102564, 0.0, 0.0, 0.0, 0.0, 0.0, 0.0, 0.0, 0.0, 0.0, 0.0, 0.1148916004437055, 0.0, 0.0, 0.0, 0.0, 0.0, 0.0, 0.0, 0.0, 0.0, 0.0, 0.0, 0.0, 0.0, 0.0, 0.0, 0.0, 0.0, 0.0, 0.24578418977156957, 0.0, 0.0, 0.0, 0.18800671982883088, 0.0, 0.0, 0.0, 0.0868015342751498, 0.0, 0.07137404685007809, 0.0, 0.0, 0.020509664160197616, 0.0, 0.0, 0.0, 0.0, 0.0, 0.0, 0.0, 0.0, 0.0, 0.0, 0.0, 0.0, 0.0, 0.0, 0.07597745037414683, 0.0, 0.0, 0.0, 0.0, 0.0, 0.0, 0.0, 0.0, 0.0, 0.0, 0.0, 0.0, 0.0, 0.0, 0.017465624852125217, 0.0, 0.0, 0.0, 0.0, 0.0, 0.0, 0.0, 0.0, 0.0, 0.0, 0.0, 0.0, 0.0, 0.0, 0.013757893827001766, 0.0, 0.0, 0.0, 0.0, 0.0, 0.0, 0.0, 0.0, 0.0, 0.0, 0.0, 0.0, 0.0, 0.0, 0.0, 0.0, 0.0, 0.0, 0.0, 0.0]}