{"generation": [1, 2, 3, 4, 5, 6, 7, 8, 9, 10, 11, 12, 13, 14, 15, 16, 17, 18, 19, 20, 21, 22, 23, 24, 25, 26, 27, 28, 29, 30, 31, 32, 33, 34, 35, 36, 37, 38, 39, 40, 41, 42, 43, 44, 45, 46, 47, 48, 49, 50, 51, 52, 53, 54, 55, 56, 57, 58, 59], "loss": [75.82416941393845, 66.51539871650516, 61.625947514841755, 58.390421453610855, 54.07671311378261, 49.68119893732324, 47.510484120253956, 45.34012556434509, 43.29487745490459, 41.11453334518625, 38.562775661551996, 37.48768768072204, 36.162462203990806, 34.90526666872258, 33.778527658625535, 31.94557485014384, 31.94557485014384, 31.173340754179353, 30.853366561121206, 30.63668651901648, 29.96668704723044, 29.824638005317574, 29.53008048641091, 28.83722640327205, 28.764167208860897, 28.405338465711576, 27.669068978585035, 27.290256693366363, 27.039869964902042, 27.000765950443014, 26.537122466740033, 26.275193469124208, 25.83139031162037, 25.83139031162037, 25.823718385394425, 25.706539526901402, 25.706539526901402, 25.698867600675456, 25.581022226753102, 25.581022226753102, 25.581022226753102, 25.581022226753102, 25.581022226753102, 25.581022226753102, 25.581022226753102, 25.581022226753102, 25.581022226753102, 25.581022226753102, 25.581022226753102, 25.581022226753102, 25.581022226753102, 25.581022226753102, 25.581022226753102, 25.581022226753102, 25.581022226753102, 25.581022226753102, 25.581022226753102, 25.581022226753102, 25.581022226753102], "delta": [75.82416941393845, 9.308770697433289, 4.889451201663405, 3.2355260612308996, 4.313708339828246, 4.395514176459372, 2.170714817069282, 2.1703585559088694, 2.0452481094405, 2.180344109718334, 2.551757683634257, 1.0750879808299558, 1.3252254767312337, 1.2571955352682238, 1.1267390100970474, 1.8329528084816964, 0.0, 0.7722340959644853, 0.31997419305814745, 0.21668004210472702, 0.6699994717860385, 0.14204904191286616, 0.2945575189066645, 0.6928540831388581, 0.0730591944111545, 0.3588287431493207, 0.7362694871265418, 0.3788122852186717, 0.25038672846432064, 0.03910401445902778, 0.46364348370298103, 0.26192899761582566, 0.4438031575038366, 0.0, 0.007671926225945924, 0.11717885849302334, 0.0, 0.007671926225945924, 0.1178453739223535, 0.0, 0.0, 0.0, 0.0, 0.0, 0.0, 0.0, 0.0, 0.0, 0.0, 0.0, 0.0, 0.0, 0.0, 0.0, 0.0, 0.0, 0.0, 0.0, 0.0]}