{"generation": [1, 2, 3, 4, 5, 6, 7, 8, 9, 10, 11, 12, 13, 14, 15, 16, 17, 18, 19, 20, 21, 22, 23, 24, 25, 26, 27, 28, 29, 30, 31, 32, 33, 34, 35, 36, 37, 38, 39, 40, 41, 42, 43, 44, 45, 46, 47, 48, 49, 50, 51, 52, 53, 54, 55, 56, 57, 58, 59, 60, 61, 62, 63, 64, 65, 66, 67, 68, 69, 70, 71, 72, 73, 74, 75, 76, 77, 78, 79, 80, 81, 82, 83, 84], "loss": [77.25925198709277, 67.16662361770602, 60.83707727160151, 58.87525199890374, 56.320327615611156, 50.68553611773696, 49.79319973338981, 46.73574152880076, 43.0156125080573, 42.09293799460103, 40.443941329827794, 37.57310487154103, 36.381204533080464, 35.51427338339968, 33.94783226199051, 33.001096166270216, 32.39571707246413, 31.985433129956167, 30.959321005068244, 30.510056507880513, 29.932279197350105, 29.721568594526772, 28.998829462861504, 28.733432689534208, 28.242052093207057, 27.856200851368264, 27.42696278788475, 27.42696278788475, 27.12263284986421, 26.806190304540447, 26.806190304540447, 26.530767429431457, 26.530767429431457, 26.40777345515024, 26.34852722489241, 26.03613271760657, 26.03435322932544, 25.7500983036991, 25.68849104112835, 25.474675428590103, 25.37167662339227, 25.19322210298792, 25.19322210298792, 25.151830560360832, 25.151830560360832, 25.151830560360832, 25.151830560360832, 25.151830560360832, 25.151830560360832, 25.057417135430967, 25.057417135430967, 25.057417135430967, 25.057417135430967, 25.057417135430967, 25.057417135430967, 24.95839086606293, 24.958390866062928, 24.958390866062928, 24.958390866062928, 24.958390866062928, 24.958390866062928, 24.958390866062928, 24.958390866062928, 24.927171181957938, 24.927171181957934, 24.927171181957934, 24.927171181957934, 24.927171181957934, 24.927171181957934, 24.927171181957934, 24.927171181957934, 24.927171181957934, 24.927171181957934, 24.927171181957934, 24.927171181957934, 24.927171181957934, 24.927171181957934, 24.927171181957934, 24.927171181957934, 24.927171181957934, 24.927171181957934, 24.927171181957934, 24.927171181957934, 24.927171181957934], "delta": [77.25925198709277, 10.092628369386745, 6.3295463461045145, 1.9618252726977659, 2.5549243832925868, 5.634791497874197, 0.8923363843471463, 3.0574582045890537, 3.7201290207434567, 0.9226745134562719, 1.648996664773236, 2.8708364582867674, 1.191900338460563, 0.8669311496807808, 1.56644112140917, 0.946736095720297, 0.6053790938060857, 0.41028394250796296, 1.0261121248879235, 0.4492644971877304, 0.5777773105304078, 0.2107106028233332, 0.7227391316652678, 0.2653967733272964, 0.4913805963271507, 0.38585124183879316, 0.42923806348351334, 0.0, 0.3043299380205404, 0.31644254532376337, 0.0, 0.27542287510899044, 0.0, 0.12299397428121495, 0.05924623025783049, 0.31239450728584117, 0.0017794882811301704, 0.2842549256263389, 0.061607262570749555, 0.213815612538248, 0.102998805197835, 0.1784545204043475, 0.0, 0.041391542627088995, 0.0, 0.0, 0.0, 0.0, 0.0, 0.09441342492986493, 0.0, 0.0, 0.0, 0.0, 0.0, 0.09902626936803571, 3.552713678800501e-15, 0.0, 0.0, 0.0, 0.0, 0.0, 0.0, 0.031219684104989653, 3.552713678800501e-15, 0.0, 0.0, 0.0, 0.0, 0.0, 0.0, 0.0, 0.0, 0.0, 0.0, 0.0, 0.0, 0.0, 0.0, 0.0, 0.0, 0.0, 0.0, 0.0]}