{"generation": [1, 2, 3, 4, 5, 6, 7, 8, 9, 10, 11, 12, 13, 14, 15, 16, 17, 18, 19, 20, 21, 22, 23, 24, 25, 26, 27, 28, 29, 30, 31, 32, 33, 34, 35, 36, 37, 38, 39, 40, 41, 42, 43, 44, 45, 46, 47, 48, 49, 50, 51, 52, 53, 54, 55, 56, 57, 58, 59, 60, 61, 62, 63, 64, 65, 66, 67, 68, 69, 70, 71, 72, 73, 74, 75, 76, 77, 78, 79, 80, 81, 82, 83, 84, 85, 86, 87, 88, 89, 90, 91, 92, 93, 94, 95, 96, 97, 98, 99, 100, 101, 102, 103, 104, 105, 106], "loss": [105.49060454536605, 87.28969602590287, 81.72041469966875, 77.67272243897919, 74.18410572113372, 67.63459833059225, 66.30885121480718, 61.11409955530768, 58.57957018587939, 57.25602143787294, 53.323195387830474, 51.58919774393324, 50.661729754962536, 49.70219160960623, 48.49070081110787, 47.38122445700287, 46.058388651755095, 45.3509990512696, 42.544466073113036, 41.84323234075139, 40.270086533299825, 39.77019628683601, 38.955750665801986, 38.261392060312275, 37.514416211647266, 37.21980271405128, 36.607579555910036, 36.39406483144214, 35.98053286110277, 35.87118017791825, 35.78202018125784, 35.31960504346312, 35.010779170055706, 34.772980978014715, 34.772980978014715, 34.772980978014715, 34.65182420665818, 34.64907438203185, 34.64907438203185, 34.64907438203185, 34.505098821342486, 34.388569828878204, 34.388569828878204, 34.24459426818884, 34.132521473222134, 34.132521473222134, 34.132521473222134, 33.89700201781533, 33.89700201781533, 33.62302774459456, 33.40906537563494, 33.40906537563494, 33.40906537563494, 33.23006379852475, 33.23006379852475, 33.178750902758225, 33.178750902758225, 33.05035372896972, 32.9541814227818, 32.38828634240858, 32.38828634240858, 32.23660260509197, 32.23660260509197, 32.18933141714766, 32.13381998601896, 31.71984541629059, 31.664333985161903, 31.661496725766124, 31.66149672576612, 31.63783955916503, 31.637839559165016, 31.450472328458783, 31.450472328458783, 31.45047232845878, 31.450472328458773, 31.45047232845877, 31.45047232845877, 31.45047232845877, 31.45047232845877, 31.45047232845877, 31.45047232845877, 31.45047232845877, 31.45047232845877, 31.45047232845877, 31.45047232845877, 31.30940839038246, 31.30940839038246, 31.30940839038246, 31.30940839038246, 31.30940839038246, 31.30940839038246, 31.30940839038246, 31.30940839038246, 31.30940839038246, 31.30940839038246, 31.30940839038246, 31.30940839038246, 31.30940839038246, 31.30940839038246, 31.30940839038246, 31.30940839038246, 31.30940839038246, 31.30940839038246, 31.30940839038246, 31.30940839038246, 31.30940839038246], "delta": [105.49060454536605, 18.200908519463184, 5.569281326234119, 4.0476922606895585, 3.488616717845474, 6.549507390541464, 1.3257471157850773, 5.194751659499495, 2.5345293694282915, 1.323548748006452, 3.9328260500424648, 1.7339976438972329, 0.9274679889707045, 0.959538145356305, 1.2114907984983603, 1.1094763541049986, 1.3228358052477773, 0.7073896004854916, 2.806532978156568, 0.7012337323616435, 1.5731458074515672, 0.4998902464638135, 0.8144456210340252, 0.6943586054897111, 0.7469758486650093, 0.2946134975959822, 0.6122231581412478, 0.213514724467899, 0.4135319703393634, 0.10935268318452529, 0.0891599966604062, 0.46241513779472143, 0.3088258734074145, 0.23779819204099084, 0.0, 0.0, 0.12115677135653158, 0.0027498246263348847, 0.0, 0.0, 0.14397556068936268, 0.11652899246428206, 0.0, 0.14397556068936268, 0.11207279496670708, 0.0, 0.0, 0.23551945540680208, 0.0, 0.27397427322077306, 0.21396236895962062, 0.0, 0.0, 0.17900157711018494, 0.0, 0.051312895766528754, 0.0, 0.1283971737885068, 0.09617230618791694, 0.5658950803732239, 0.0, 0.15168373731660978, 0.0, 0.04727118794430396, 0.05551143112869994, 0.4139745697283743, 0.05551143112868573, 0.002837259395779057, 3.552713678800501e-15, 0.023657166601090296, 1.4210854715202004e-14, 0.18736723070623285, 0.0, 3.552713678800501e-15, 7.105427357601002e-15, 3.552713678800501e-15, 0.0, 0.0, 0.0, 0.0, 0.0, 0.0, 0.0, 0.0, 0.0, 0.1410639380763108, 0.0, 0.0, 0.0, 0.0, 0.0, 0.0, 0.0, 0.0, 0.0, 0.0, 0.0, 0.0, 0.0, 0.0, 0.0, 0.0, 0.0, 0.0, 0.0, 0.0]}