{"generation": [1, 2, 3, 4, 5, 6, 7, 8, 9, 10, 11, 12, 13, 14, 15, 16, 17, 18, 19, 20, 21, 22, 23, 24, 25, 26, 27, 28, 29, 30, 31, 32, 33, 34, 35, 36, 37, 38, 39, 40, 41, 42, 43, 44, 45, 46, 47, 48, 49, 50, 51, 52, 53, 54, 55, 56, 57, 58, 59, 60, 61, 62, 63, 64, 65, 66, 67, 68, 69, 70], "loss": [103.12846024881372, 94.62237820926374, 86.81467302768677, 79.24728995106913, 76.31137727018103, 72.87788238375877, 67.07413189301973, 63.43755813449684, 61.357709733163055, 54.93564460462192, 51.442931034163685, 49.995511210099295, 49.20015131020452, 47.88282197233174, 46.06294778986532, 45.05467470248241, 43.88630061216718, 42.58110902633899, 40.38721068439076, 39.136721330094055, 37.76562010333611, 36.93166717007399, 36.617029142158714, 36.0790265195912, 35.29128196381474, 34.73722945528298, 34.389338457562864, 34.05897414862279, 33.604203902114556, 33.455516981487385, 33.23248857505263, 32.88650793338698, 32.58268466163578, 32.58268466163578, 31.993115608536197, 31.939872072979067, 31.394091579106444, 31.307092010762794, 31.11972478005655, 31.119724780056544, 31.036128181264296, 31.036128181264296, 30.995696820677725, 30.971937090831883, 30.97193709083188, 30.702716970659754, 30.702716970659747, 30.60492775955452, 30.604927759554514, 30.523129026536488, 30.523129026536477, 30.523129026536473, 30.523129026536473, 30.523129026536473, 30.523129026536473, 30.523129026536473, 30.523129026536473, 30.523129026536473, 30.523129026536473, 30.523129026536473, 30.523129026536473, 30.523129026536473, 30.523129026536473, 30.523129026536473, 30.523129026536473, 30.523129026536473, 30.523129026536473, 30.523129026536473, 30.523129026536473, 30.523129026536473], "delta": [103.12846024881372, 8.50608203954998, 7.807705181576978, 7.567383076617631, 2.9359126808881086, 3.4334948864222525, 5.8037504907390485, 3.6365737585228857, 2.079848401333784, 6.422065128541135, 3.4927135704582355, 1.44741982406439, 0.7953598998947768, 1.3173293378727777, 1.819874182466421, 1.0082730873829107, 1.1683740903152255, 1.3051915858281902, 2.193898341948234, 1.250489354296704, 1.3711012267579434, 0.8339529332621183, 0.3146380279152794, 0.538002622567511, 0.7877445557764631, 0.5540525085317611, 0.3478909977201141, 0.3303643089400765, 0.4547702465082324, 0.1486869206271706, 0.2230284064347572, 0.3459806416656477, 0.30382327175119883, 0.0, 0.5895690530995843, 0.05324353555712946, 0.5457804938726234, 0.08699956834364997, 0.1873672307062435, 7.105427357601002e-15, 0.08359659879224779, 0.0, 0.040431360586570264, 0.023759729845842514, 3.552713678800501e-15, 0.2692201201721254, 7.105427357601002e-15, 0.09778921110522631, 7.105427357601002e-15, 0.08179873301802587, 1.0658141036401503e-14, 3.552713678800501e-15, 0.0, 0.0, 0.0, 0.0, 0.0, 0.0, 0.0, 0.0, 0.0, 0.0, 0.0, 0.0, 0.0, 0.0, 0.0, 0.0, 0.0, 0.0]}