{"generation": [1, 2, 3, 4, 5, 6, 7, 8, 9, 10, 11, 12, 13, 14, 15, 16, 17, 18, 19, 20, 21, 22, 23, 24, 25, 26, 27, 28, 29, 30, 31, 32, 33, 34, 35, 36, 37, 38, 39, 40, 41, 42, 43, 44, 45, 46, 47, 48, 49, 50, 51, 52, 53, 54, 55, 56, 57, 58, 59, 60, 61, 62, 63, 64, 65, 66, 67, 68, 69, 70, 71, 72, 73, 74, 75, 76, 77, 78, 79, 80, 81, 82, 83, 84, 85, 86, 87, 88, 89, 90, 91, 92, 93, 94, 95, 96, 97, 98, 99, 100, 101, 102, 103, 104, 105, 106, 107, 108, 109, 110, 111, 112, 113, 114, 115, 116, 117, 118, 119, 120, 121, 122, 123, 124, 125, 126, 127, 128, 129, 130, 131, 132], "loss": [109.26083165730218, 100.78061115158444, 91.65511748999937, 85.04221020247219, 81.45706237569834, 76.70809886349375, 71.74745040974483, 69.88681806234003, 66.44092410712653, 63.153242727567786, 61.059710692286885, 59.158483642565486, 56.245603187771124, 54.60478456883072, 52.980897439581405, 49.56956485811359, 49.56956485811359, 47.967997014488205, 46.47498497505299, 46.07679876005104, 44.58078434885631, 44.210882574095315, 42.67008500885902, 42.67008500885902, 41.69205011965002, 41.08782835479707, 40.08639880118711, 39.5164050078456, 39.15112456638257, 38.13858367667985, 38.04564491366417, 37.61587984968875, 37.53649681097327, 37.08922354777776, 37.01719479160655, 36.36654465185794, 36.36654465185794, 36.0946131030472, 36.00905094510394, 35.93656590319348, 35.7371193962932, 35.7371193962932, 35.7371193962932, 35.712314407017686, 35.712314407017686, 35.712314407017686, 35.51185423485406, 35.435710988368115, 35.435710988368115, 35.1765104331043, 35.1765104331043, 35.1765104331043, 35.1765104331043, 35.1765104331043, 34.873911334996656, 34.873911334996656, 34.873911334996656, 34.873911334996656, 34.819534103489644, 34.819534103489644, 34.819534103489644, 34.819534103489644, 34.69873928205568, 34.429765187676395, 34.429765187676395, 34.271510303602106, 34.271510303602106, 34.271510303602106, 34.12753119700956, 34.12753119700956, 34.12753119700956, 34.12753119700956, 34.12753119700956, 34.12753119700956, 34.12753119700956, 33.72882497900471, 33.72882497900471, 33.72882497900471, 33.55619403918771, 33.55619403918771, 33.55619403918771, 33.55619403918771, 33.55619403918771, 33.55619403918771, 33.55619403918771, 33.513558712641405, 33.513558712641405, 33.513558712641405, 33.513558712641405, 33.513558712641405, 33.513558712641405, 33.513558712641405, 33.513558712641405, 33.513558712641405, 33.513558712641405, 33.513558712641405, 33.513558712641405, 33.513558712641405, 33.513558712641405, 33.513558712641405, 33.513558712641405, 33.513558712641405, 33.513558712641405, 33.51002297726953, 33.51002297726953, 33.51002297726953, 33.51002297726953, 33.31852001661533, 33.31852001661533, 33.31852001661533, 33.31852001661533, 33.226519846842784, 33.226519846842784, 33.226519846842784, 33.226519846842784, 33.226519846842784, 33.226519846842784, 33.226519846842784, 33.226519846842784, 33.226519846842784, 33.226519846842784, 33.226519846842784, 33.226519846842784, 33.226519846842784, 33.226519846842784, 33.226519846842784, 33.226519846842784, 33.226519846842784, 33.226519846842784, 33.226519846842784, 33.226519846842784, 33.226519846842784], "delta": [109.26083165730218, 8.480220505717739, 9.125493661585068, 6.612907287527179, 3.5851478267738486, 4.748963512204597, 4.960648453748917, 1.8606323474048025, 3.445893955213492, 3.287681379558748, 2.0935320352809015, 1.901227049721399, 2.9128804547943616, 1.6408186189404006, 1.6238871292493187, 3.4113325814678177, 0.0, 1.6015678436253822, 1.4930120394352144, 0.3981862150019495, 1.4960144111947287, 0.36990177476099717, 1.5407975652362964, 0.0, 0.978034889208999, 0.6042217648529515, 1.0014295536099596, 0.56999379334151, 0.3652804414630282, 1.01254088970272, 0.09293876301568105, 0.4297650639754167, 0.07938303871548413, 0.4472732631955054, 0.07202875617121407, 0.6506501397486062, 0.0, 0.2719315488107412, 0.08556215794326505, 0.07248504191045413, 0.19944650690027999, 0.0, 0.0, 0.02480498927551622, 0.0, 0.0, 0.20046017216362344, 0.07614324648594817, 0.0, 0.259200555263817, 0.0, 0.0, 0.0, 0.0, 0.30259909810764185, 0.0, 0.0, 0.0, 0.05437723150701146, 0.0, 0.0, 0.0, 0.12079482143396092, 0.26897409437928843, 0.0, 0.15825488407428878, 0.0, 0.0, 0.1439791065925462, 0.0, 0.0, 0.0, 0.0, 0.0, 0.0, 0.39870621800484685, 0.0, 0.0, 0.1726309398170045, 0.0, 0.0, 0.0, 0.0, 0.0, 0.0, 0.04263532654630353, 0.0, 0.0, 0.0, 0.0, 0.0, 0.0, 0.0, 0.0, 0.0, 0.0, 0.0, 0.0, 0.0, 0.0, 0.0, 0.0, 0.0, 0.0035357353718765694, 0.0, 0.0, 0.0, 0.1915029606541978, 0.0, 0.0, 0.0, 0.09200016977254677, 0.0, 0.0, 0.0, 0.0, 0.0, 0.0, 0.0, 0.0, 0.0, 0.0, 0.0, 0.0, 0.0, 0.0, 0.0, 0.0, 0.0, 0.0, 0.0, 0.0]}