{"generation": [1, 2, 3, 4, 5, 6, 7, 8, 9, 10, 11, 12, 13, 14, 15, 16, 17, 18, 19, 20, 21, 22, 23, 24, 25, 26, 27, 28, 29, 30, 31, 32, 33, 34, 35, 36, 37, 38, 39, 40, 41, 42, 43, 44, 45, 46, 47, 48, 49, 50, 51, 52, 53, 54, 55, 56, 57, 58, 59, 60, 61, 62, 63, 64, 65, 66, 67, 68, 69, 70, 71, 72, 73, 74, 75, 76, 77, 78, 79, 80, 81, 82, 83, 84, 85, 86, 87, 88, 89, 90, 91, 92, 93, 94, 95, 96, 97, 98, 99, 100, 101, 102, 103, 104, 105, 106, 107, 108, 109, 110, 111, 112, 113, 114, 115, 116, 117, 118, 119, 120, 121, 122, 123, 124, 125, 126, 127, 128, 129, 130, 131, 132, 133, 134, 135, 136, 137, 138, 139, 140, 141, 142, 143, 144, 145, 146, 147, 148, 149, 150, 151, 152, 153, 154, 155, 156, 157, 158, 159, 160], "loss": [109.13111904952044, 100.36414474508717, 90.83747261756304, 79.10990932570574, 75.80857263604746, 73.52927653343276, 69.21039873628217, 65.94032819026037, 62.557674347259876, 59.77475087085916, 58.236464143784104, 56.83588279615011, 55.22577642225987, 52.96230685142168, 49.64252668433714, 48.59334038187884, 46.62335317224755, 45.70722780636208, 44.35048944601092, 43.22503067928654, 42.40172093299011, 41.82132776991305, 41.29670260795903, 40.555731848748884, 40.22324030609953, 40.212587737902425, 39.76171448208458, 39.14506940988451, 39.05549237050744, 38.771344175420104, 38.42971432686784, 38.047436930740425, 37.59574494737717, 37.47784108789817, 37.40021328918557, 37.260505544553766, 37.260505544553766, 37.260505544553766, 37.260505544553766, 37.260505544553766, 37.260505544553766, 37.260505544553766, 37.260505544553766, 37.260505544553766, 37.260505544553766, 37.260505544553766, 37.260505544553766, 37.260505544553766, 37.260505544553766, 37.260505544553766, 37.260505544553766, 37.260505544553766, 37.260505544553766, 37.25722464413791, 37.25722464413791, 37.13613338021855, 37.13613338021855, 37.13613338021855, 37.13613338021855, 37.13613338021855, 37.13613338021855, 37.13613338021855, 37.13613338021855, 37.12005975162954, 37.12005975162954, 37.12005975162954, 37.12005975162954, 37.12005975162954, 37.12005975162954, 37.12005975162954, 37.12005975162954, 37.12005975162954, 37.12005975162954, 37.12005975162954, 37.12005975162954, 37.12005975162954, 37.12005975162954, 37.12005975162954, 36.773783539116685, 36.773783539116685, 36.4863288450383, 35.589108665320474, 35.589108665320474, 35.589108665320474, 35.589108665320474, 35.589108665320474, 35.589108665320474, 35.589108665320474, 35.589108665320474, 35.589108665320474, 35.589108665320474, 35.589108665320474, 35.589108665320474, 35.589108665320474, 35.05385511859209, 35.05385511859209, 35.05385511859209, 35.05385511859209, 35.05385511859209, 35.05385511859209, 35.05385511859209, 35.05385511859209, 35.05385511859209, 35.05385511859209, 35.05385511859209, 35.05385511859209, 35.05385511859209, 35.05385511859209, 35.05385511859209, 34.77342096520415, 34.77342096520415, 34.43726038852167, 34.434463390451164, 34.434463390451164, 34.434463390451164, 34.434463390451164, 34.434463390451164, 34.434463390451164, 34.434463390451164, 34.434463390451164, 33.93725918474868, 33.93725918474868, 33.93725918474868, 33.93725918474868, 33.93725918474868, 33.93725918474868, 33.93725918474868, 33.93725918474868, 33.74121063858617, 33.74121063858617, 33.65163367273544, 33.65163367273544, 33.65163367273544, 33.65163367273544, 33.65163367273544, 33.65163367273544, 33.65163367273544, 33.65163367273544, 33.65163367273544, 33.47586911297122, 33.47586911297122, 33.47586911297122, 33.47586911297122, 33.47586911297122, 33.47586911297122, 33.47586911297122, 33.47586911297122, 33.47586911297122, 33.47586911297122, 33.47586911297122, 33.47586911297122, 33.47586911297122, 33.47586911297122, 33.47586911297122, 33.47586911297122, 33.47586911297122, 33.47586911297122, 33.47586911297122, 33.47586911297122, 33.47586911297122], "delta": [109.13111904952044, 8.766974304433262, 9.526672127524137, 11.727563291857294, 3.301336689658285, 2.279296102614694, 4.318877797150591, 3.270070546021799, 3.3826538430004973, 2.7829234764007182, 1.5382867270750538, 1.4005813476339952, 1.6101063738902397, 2.26346957083819, 3.319780167084538, 1.0491863024583026, 1.9699872096312916, 0.9161253658854704, 1.3567383603511587, 1.1254587667243783, 0.8233097462964309, 0.580393163077062, 0.5246251619540203, 0.7409707592101427, 0.33249154264935754, 0.010652568197102141, 0.45087325581784654, 0.6166450722000647, 0.08957703937707606, 0.284148195087333, 0.34162984855226597, 0.38227739612741374, 0.4516919833632542, 0.11790385947900006, 0.07762779871259795, 0.13970774463180646, 0.0, 0.0, 0.0, 0.0, 0.0, 0.0, 0.0, 0.0, 0.0, 0.0, 0.0, 0.0, 0.0, 0.0, 0.0, 0.0, 0.0, 0.003280900415859378, 0.0, 0.12109126391935376, 0.0, 0.0, 0.0, 0.0, 0.0, 0.0, 0.0, 0.0160736285890124, 0.0, 0.0, 0.0, 0.0, 0.0, 0.0, 0.0, 0.0, 0.0, 0.0, 0.0, 0.0, 0.0, 0.0, 0.3462762125128549, 0.0, 0.2874546940783844, 0.8972201797178272, 0.0, 0.0, 0.0, 0.0, 0.0, 0.0, 0.0, 0.0, 0.0, 0.0, 0.0, 0.0, 0.5352535467283843, 0.0, 0.0, 0.0, 0.0, 0.0, 0.0, 0.0, 0.0, 0.0, 0.0, 0.0, 0.0, 0.0, 0.0, 0.28043415338793665, 0.0, 0.3361605766824809, 0.002796998070508039, 0.0, 0.0, 0.0, 0.0, 0.0, 0.0, 0.0, 0.4972042057024808, 0.0, 0.0, 0.0, 0.0, 0.0, 0.0, 0.0, 0.19604854616251544, 0.0, 0.08957696585072483, 0.0, 0.0, 0.0, 0.0, 0.0, 0.0, 0.0, 0.0, 0.17576455976422523, 0.0, 0.0, 0.0, 0.0, 0.0, 0.0, 0.0, 0.0, 0.0, 0.0, 0.0, 0.0, 0.0, 0.0, 0.0, 0.0, 0.0, 0.0, 0.0, 0.0]}