{"generation": [1, 2, 3, 4, 5, 6, 7, 8, 9, 10, 11, 12, 13, 14, 15, 16, 17, 18, 19, 20, 21, 22, 23, 24, 25, 26, 27, 28, 29, 30, 31, 32, 33, 34, 35, 36, 37, 38, 39, 40, 41, 42, 43, 44, 45, 46, 47, 48, 49, 50, 51, 52, 53, 54, 55, 56, 57, 58, 59, 60, 61, 62, 63, 64, 65, 66, 67, 68, 69, 70, 71, 72, 73, 74, 75, 76, 77, 78, 79, 80, 81, 82, 83, 84, 85, 86, 87, 88, 89, 90, 91, 92, 93, 94, 95, 96, 97, 98, 99, 100, 101, 102, 103, 104, 105, 106, 107, 108, 109, 110, 111, 112, 113, 114, 115, 116, 117, 118, 119, 120, 121, 122, 123, 124, 125, 126, 127, 128, 129, 130, 131, 132, 133, 134, 135, 136, 137, 138, 139, 140, 141, 142, 143, 144, 145, 146, 147, 148, 149, 150, 151, 152, 153, 154, 155, 156, 157, 158, 159, 160, 161, 162, 163, 164, 165], "loss": [131.74342345909776, 117.5778801616703, 107.2891116913274, 95.30969351192998, 90.93629606636786, 86.25932303257461, 81.93020738549937, 78.63227925739565, 75.13430103881215, 72.92620103933149, 69.6245882313245, 67.91243274703511, 65.64334223706672, 64.33877521523391, 61.93247562434719, 60.844876196559014, 58.567964604727266, 57.595077646614115, 56.63366591371594, 55.82746689820129, 54.54004620806558, 52.688568245423134, 51.07926646560886, 49.70299375513053, 48.592735424057174, 47.50978133004068, 47.50978133004068, 46.842781778353746, 45.67008296148207, 45.25577233923629, 44.82654169281447, 44.14393475419066, 44.0182130941172, 43.38177802805347, 43.10245285599813, 43.00335517307262, 42.95690947896989, 42.70495955103665, 42.70495955103665, 42.6784105480651, 42.6784105480651, 41.99199918285474, 41.99199918285474, 41.99199918285474, 41.99199918285474, 41.95160463104241, 41.83666218705942, 41.74549164735494, 41.64560608436962, 41.53904600765134, 41.53904600765134, 41.27907181544151, 41.27907181544151, 40.74051351581492, 39.488253328720546, 39.488253328720546, 39.488253328720546, 39.42587913161571, 39.17172436375216, 39.133211888507084, 39.133211888507084, 38.942933666572806, 38.53575909114035, 38.53575909114035, 38.30696839396099, 38.30696839396099, 38.11766964458583, 38.01061997951929, 38.01061997951929, 38.01061997951929, 37.930563761362734, 37.92764850140567, 37.92764850140567, 37.92764850140567, 37.879762141804584, 37.79679066369096, 37.43205438163746, 37.43205438163746, 37.43205438163746, 37.43205438163746, 37.43205438163746, 37.43205438163746, 37.43205438163746, 37.13249553986358, 37.13249553986358, 37.13249553986358, 37.07712980197845, 37.07712980197845, 37.07593580011473, 37.07593580011473, 37.07593580011473, 36.95824507979002, 36.95824507979002, 36.95824507979002, 36.95824507979002, 36.95824507979002, 36.80922425058488, 36.80922425058488, 36.80922425058488, 36.80922425058488, 36.80922425058488, 36.80922425058488, 36.80922425058488, 36.80922425058488, 36.57508088367065, 36.57508088367065, 36.48689472932436, 36.48689472932436, 36.48689472932436, 36.48689472932436, 36.342700828237014, 36.236919931448156, 36.236919931448156, 36.09272603036081, 35.944713427014015, 35.944713427014015, 35.944713427014015, 35.896729457620054, 35.896729457620054, 35.896729457620054, 35.896729457620054, 35.896729457620054, 35.896729457620054, 35.896729457620054, 35.896729457620054, 35.896729457620054, 35.896729457620054, 35.896729457620054, 35.896729457620054, 35.896729457620054, 35.896729457620054, 35.896729457620054, 35.896729457620054, 35.896729457620054, 35.896729457620054, 35.896729457620054, 35.79466851297131, 35.79466851297131, 35.79466851297131, 35.79466851297131, 35.79466851297131, 35.65202066360159, 35.65202066360159, 35.65202066360159, 35.526122062501464, 35.526122062501464, 35.526122062501464, 35.526122062501464, 35.526122062501464, 35.526122062501464, 35.526122062501464, 35.526122062501464, 35.526122062501464, 35.526122062501464, 35.526122062501464, 35.526122062501464, 35.526122062501464, 35.526122062501464, 35.526122062501464, 35.526122062501464, 35.526122062501464, 35.526122062501464, 35.526122062501464, 35.526122062501464, 35.526122062501464], "delta": [131.74342345909776, 14.165543297427462, 10.288768470342887, 11.979418179397427, 4.373397445562119, 4.676973033793246, 4.329115647075241, 3.2979281281037203, 3.497978218583498, 2.208099999480666, 3.3016128080069933, 1.712155484289383, 2.269090509968393, 1.3045670218328098, 2.406299590886718, 1.0875994277881773, 2.276911591831748, 0.9728869581131505, 0.9614117328981777, 0.8061990155146503, 1.2874206901357041, 1.8514779626424485, 1.609301779814274, 1.3762727104783323, 1.1102583310733536, 1.0829540940164932, 0.0, 0.6669995516869349, 1.172698816871673, 0.41431062224578596, 0.4292306464218143, 0.6826069386238132, 0.12572166007345942, 0.6364350660637328, 0.27932517205533713, 0.09909768292551036, 0.04644569410272936, 0.25194992793323934, 0.0, 0.026549002971549385, 0.0, 0.6864113652103612, 0.0, 0.0, 0.0, 0.040394551812333646, 0.11494244398299003, 0.09117053970447841, 0.09988556298532103, 0.10656007671827439, 0.0, 0.25997419220983176, 0.0, 0.5385582996265939, 1.2522601870943717, 0.0, 0.0, 0.06237419710483749, 0.25415476786354674, 0.03851247524507784, 0.0, 0.19027822193427824, 0.4071745754324567, 0.0, 0.22879069717935607, 0.0, 0.1892987493751619, 0.10704966506654046, 0.0, 0.0, 0.08005621815655672, 0.002915259957063654, 0.0, 0.0, 0.04788635960108678, 0.08297147811362038, 0.3647362820535065, 0.0, 0.0, 0.0, 0.0, 0.0, 0.0, 0.29955884177388015, 0.0, 0.0, 0.055365737885125554, 0.0, 0.0011940018637233152, 0.0, 0.0, 0.11769072032470973, 0.0, 0.0, 0.0, 0.0, 0.14902082920513493, 0.0, 0.0, 0.0, 0.0, 0.0, 0.0, 0.0, 0.23414336691423188, 0.0, 0.08818615434628896, 0.0, 0.0, 0.0, 0.1441939010873483, 0.1057808967888576, 0.0, 0.1441939010873483, 0.14801260334679256, 0.0, 0.0, 0.04798396939396099, 0.0, 0.0, 0.0, 0.0, 0.0, 0.0, 0.0, 0.0, 0.0, 0.0, 0.0, 0.0, 0.0, 0.0, 0.0, 0.0, 0.0, 0.0, 0.10206094464874127, 0.0, 0.0, 0.0, 0.0, 0.1426478493697232, 0.0, 0.0, 0.12589860110012552, 0.0, 0.0, 0.0, 0.0, 0.0, 0.0, 0.0, 0.0, 0.0, 0.0, 0.0, 0.0, 0.0, 0.0, 0.0, 0.0, 0.0, 0.0, 0.0, 0.0]}