{"generation": [1, 2, 3, 4, 5, 6, 7, 8, 9, 10, 11, 12, 13, 14, 15, 16, 17, 18, 19, 20, 21, 22, 23, 24, 25, 26, 27, 28, 29, 30, 31, 32, 33, 34, 35, 36, 37, 38, 39, 40, 41, 42, 43, 44, 45, 46, 47, 48, 49, 50, 51, 52, 53, 54, 55, 56, 57, 58, 59, 60, 61, 62, 63, 64, 65, 66, 67, 68, 69, 70, 71, 72, 73, 74, 75, 76, 77, 78, 79, 80, 81, 82, 83, 84, 85, 86, 87, 88, 89, 90, 91, 92, 93, 94, 95, 96, 97, 98, 99, 100, 101, 102, 103, 104, 105, 106, 107, 108, 109, 110, 111, 112, 113, 114, 115, 116, 117, 118, 119, 120, 121, 122, 123, 124, 125], "loss": [129.46224680320813, 114.02774753549907, 111.78677929889952, 102.29395206223495, 95.10416048023579, 90.90160480588855, 87.23896725011922, 83.66389647965697, 78.66943141433427, 73.86807578705373, 70.40486708146659, 68.36439185925772, 65.15403028781095, 63.481960619627685, 61.51978969622353, 59.19130382580186, 57.53091507619436, 56.398430275547575, 54.91224706860804, 53.18483432027954, 52.76861938643005, 52.5061273679256, 51.8389201656292, 51.10997006187275, 50.535649416830374, 50.535649416830374, 49.74882330053824, 49.74882330053824, 49.17635490583809, 49.17635490583809, 49.037077410375026, 49.037077410375026, 49.037077410375026, 49.037077410375026, 49.037077410375026, 49.037077410375026, 49.037077410375026, 49.037077410375026, 49.037077410375026, 49.037077410375026, 49.037077410375026, 49.037077410375026, 49.037077410375026, 49.037077410375026, 49.037077410375026, 49.037077410375026, 48.84702308530998, 48.84702308530998, 48.307496227044304, 48.307496227044304, 48.307496227044304, 48.307496227044304, 48.307496227044304, 48.307496227044304, 48.307496227044304, 48.307496227044304, 48.307496227044304, 48.307496227044304, 48.1982870166473, 48.13057380816626, 48.084457158341245, 47.797119632198886, 47.523977409203496, 47.40466501189727, 47.13152278890188, 47.13152278890188, 47.13152278890188, 47.13152278890188, 47.13152278890188, 47.13152278890188, 47.13152278890188, 47.13152278890188, 47.13152278890188, 46.97928596533749, 46.97928596533749, 46.97928596533749, 46.97928596533749, 46.97928596533749, 46.97928596533749, 46.97928596533749, 46.97928596533749, 46.97928596533749, 46.321462630904534, 46.321462630904534, 46.321462630904534, 46.321462630904534, 46.321462630904534, 46.321462630904534, 46.263854343798926, 46.263854343798926, 46.263854343798926, 46.263854343798926, 46.263854343798926, 46.263854343798926, 46.263854343798926, 46.263854343798926, 46.263854343798926, 46.263854343798926, 46.263854343798926, 46.21061930944375, 46.21061930944375, 46.21061930944375, 46.21061930944375, 46.21061930944375, 46.092705562563594, 46.092705562563594, 46.092705562563594, 46.092705562563594, 46.092705562563594, 46.092705562563594, 46.092705562563594, 46.092705562563594, 46.092705562563594, 46.092705562563594, 46.092705562563594, 46.092705562563594, 46.092705562563594, 46.092705562563594, 46.092705562563594, 46.092705562563594, 46.092705562563594, 46.092705562563594, 46.092705562563594, 46.092705562563594, 46.092705562563594], "delta": [129.46224680320813, 15.434499267709057, 2.2409682365995565, 9.492827236664567, 7.18979158199916, 4.202555674347238, 3.6626375557693365, 3.575070770462247, 4.9944650653227, 4.801355627280543, 3.4632087055871352, 2.040475222208869, 3.210361571446768, 1.6720696681832692, 1.9621709234041518, 2.328485870421673, 1.660388749607499, 1.132484800646786, 1.4861832069395362, 1.7274127483284971, 0.4162149338494885, 0.26249201850445303, 0.6672072022964031, 0.7289501037564463, 0.574320645042377, 0.0, 0.7868261162921328, 0.0, 0.5724683947001523, 0.0, 0.13927749546306245, 0.0, 0.0, 0.0, 0.0, 0.0, 0.0, 0.0, 0.0, 0.0, 0.0, 0.0, 0.0, 0.0, 0.0, 0.0, 0.1900543250650486, 0.0, 0.539526858265674, 0.0, 0.0, 0.0, 0.0, 0.0, 0.0, 0.0, 0.0, 0.0, 0.1092092103970046, 0.06771320848103812, 0.04611664982501651, 0.28733752614235897, 0.27314222299538926, 0.11931239730622423, 0.27314222299538926, 0.0, 0.0, 0.0, 0.0, 0.0, 0.0, 0.0, 0.0, 0.15223682356439383, 0.0, 0.0, 0.0, 0.0, 0.0, 0.0, 0.0, 0.0, 0.6578233344329547, 0.0, 0.0, 0.0, 0.0, 0.0, 0.057608287105608724, 0.0, 0.0, 0.0, 0.0, 0.0, 0.0, 0.0, 0.0, 0.0, 0.0, 0.053235034355175515, 0.0, 0.0, 0.0, 0.0, 0.11791374688015566, 0.0, 0.0, 0.0, 0.0, 0.0, 0.0, 0.0, 0.0, 0.0, 0.0, 0.0, 0.0, 0.0, 0.0, 0.0, 0.0, 0.0, 0.0, 0.0, 0.0]}