{"generation": [1, 2, 3, 4, 5, 6, 7, 8, 9, 10, 11, 12, 13, 14, 15, 16, 17, 18, 19, 20, 21, 22, 23, 24, 25, 26, 27, 28, 29, 30, 31, 32, 33, 34, 35, 36, 37, 38, 39, 40, 41, 42, 43, 44, 45, 46, 47, 48, 49, 50, 51, 52, 53, 54, 55, 56, 57, 58, 59, 60, 61, 62, 63, 64, 65, 66, 67, 68, 69, 70, 71, 72, 73, 74, 75, 76, 77, 78, 79, 80, 81, 82, 83, 84, 85, 86, 87, 88, 89, 90, 91, 92, 93, 94, 95, 96, 97, 98, 99, 100, 101, 102, 103, 104, 105, 106, 107, 108, 109, 110, 111, 112, 113, 114, 115, 116, 117, 118, 119, 120, 121, 122, 123, 124, 125, 126, 127, 128, 129, 130, 131, 132, 133, 134], "loss": [128.0296424419051, 114.70689271968995, 107.93304295758334, 102.81876107200371, 98.07857542572235, 93.24000169738105, 87.23797175406841, 83.95958113731461, 80.29774687018153, 76.06756216796722, 74.61607890532605, 72.41180766354195, 68.75232336467553, 66.44852072489118, 64.83073671325975, 61.63548013737541, 60.709174293222674, 59.388989719367395, 57.85869272877966, 54.68586081284458, 53.04998169833182, 53.04998169833182, 50.715524242219274, 50.58323200252175, 49.20908126740722, 49.10374158991023, 48.22501484603502, 47.4308320615859, 47.08306151082491, 45.83520770993334, 45.76576663717756, 45.23538233661282, 44.46306637126031, 43.66106913693846, 43.29269046594569, 42.99646223292708, 42.65003413472745, 42.242593129620275, 42.12773533012889, 41.436956441732484, 41.436956441732484, 41.37943186354749, 40.789073499069445, 40.789073499069445, 40.75256045344037, 40.650976173451646, 40.067598230578, 39.759099006271825, 39.20638590096157, 39.20638590096156, 39.20638590096153, 39.14536556085849, 39.07753779085739, 38.68100785648206, 38.610826882736596, 38.41738933177243, 38.06706521418642, 37.996884240440956, 37.85663336844952, 37.78645239470406, 37.78645239470406, 37.59536701930727, 37.59536701930727, 37.518729550529976, 37.466518909203124, 37.44378787011681, 37.26501775971268, 37.26501775971268, 37.25886456743515, 37.18942349467937, 37.02553887464173, 37.02553887464173, 36.76277824136832, 36.762778241368316, 36.762778241368316, 36.76277824136831, 36.76277824136831, 36.75018024621602, 36.750180246216004, 36.715113881854926, 36.64224260520104, 36.63947507956774, 36.589444852010786, 36.58667732637749, 36.58667732637749, 36.57739612063606, 36.552470624444894, 36.552470624444894, 36.552470624444894, 36.552470624444894, 36.552470624444894, 36.552470624444894, 36.552470624444894, 36.552470624444894, 36.552470624444894, 36.552470624444894, 36.552470624444894, 36.48302955168911, 36.48302955168911, 36.48302955168911, 36.48302955168911, 36.48302955168911, 36.48302955168911, 36.48302955168911, 36.48302955168911, 36.48302955168911, 36.48302955168911, 36.48302955168911, 36.48302955168911, 36.48302955168911, 36.48302955168911, 36.48302955168911, 36.48302955168911, 36.48277204355921, 36.48277204355921, 36.48277204355921, 36.48277204355921, 36.48277204355921, 36.48277204355921, 36.48277204355921, 36.48277204355921, 36.48277204355921, 36.48277204355921, 36.48277204355921, 36.48277204355921, 36.48277204355921, 36.48277204355921, 36.48277204355921, 36.48277204355921, 36.48277204355921, 36.48277204355921, 36.48277204355921, 36.48277204355921, 36.48277204355921], "delta": [128.0296424419051, 13.322749722215164, 6.773849762106607, 5.114281885579629, 4.740185646281361, 4.838573728341302, 6.002029943312635, 3.2783906167537964, 3.661834267133088, 4.230184702214302, 1.451483262641176, 2.204271241784099, 3.659484298866417, 2.303802639784351, 1.6177840116314286, 3.1952565758843434, 0.9263058441527363, 1.320184573855279, 1.5302969905877362, 3.1728319159350775, 1.6358791145127611, 0.0, 2.3344574561125455, 0.13229223969752724, 1.374150735114526, 0.10533967749699258, 0.8787267438752053, 0.79418278444912, 0.34777055076099117, 1.2478538008915692, 0.06944107275577949, 0.5303843005647408, 0.7723159653525116, 0.8019972343218527, 0.3683786709927688, 0.2962282330186099, 0.34642809819963105, 0.40744100510717374, 0.1148577994913822, 0.6907788883964088, 0.0, 0.05752457818499579, 0.5903583644780426, 0.0, 0.03651304562907853, 0.101584279988721, 0.5833779428736463, 0.3084992243061748, 0.5527131053102536, 1.4210854715202004e-14, 2.842170943040401e-14, 0.061020340103041804, 0.06782777000109519, 0.39652993437533013, 0.07018097374546528, 0.1934375509641626, 0.35032411758601256, 0.07018097374546528, 0.1402508719914337, 0.07018097374546528, 0.0, 0.1910853753967885, 0.0, 0.07663746877729238, 0.052210641326851714, 0.022731039086316684, 0.17877011040413038, 0.0, 0.006153192277530195, 0.06944107275577949, 0.16388462003763493, 0.0, 0.26276063327340893, 7.105427357601002e-15, 0.0, 7.105427357601002e-15, 0.0, 0.012597995152290764, 1.4210854715202004e-14, 0.035066364361078683, 0.07287127665388482, 0.0027675256333026255, 0.05003022755695241, 0.00276752563329552, 0.0, 0.009281205741430654, 0.02492549619116602, 0.0, 0.0, 0.0, 0.0, 0.0, 0.0, 0.0, 0.0, 0.0, 0.0, 0.06944107275578659, 0.0, 0.0, 0.0, 0.0, 0.0, 0.0, 0.0, 0.0, 0.0, 0.0, 0.0, 0.0, 0.0, 0.0, 0.0, 0.00025750812989855376, 0.0, 0.0, 0.0, 0.0, 0.0, 0.0, 0.0, 0.0, 0.0, 0.0, 0.0, 0.0, 0.0, 0.0, 0.0, 0.0, 0.0, 0.0, 0.0, 0.0]}