{"generation": [1, 2, 3, 4, 5, 6, 7, 8, 9, 10, 11, 12, 13, 14, 15, 16, 17, 18, 19, 20, 21, 22, 23, 24, 25, 26, 27, 28, 29, 30, 31, 32, 33, 34, 35, 36, 37, 38, 39, 40, 41, 42, 43, 44, 45, 46, 47, 48, 49, 50, 51, 52, 53, 54, 55, 56, 57, 58, 59, 60, 61, 62, 63, 64, 65, 66, 67, 68, 69, 70, 71, 72, 73, 74, 75, 76, 77, 78, 79, 80, 81, 82, 83, 84, 85, 86, 87, 88, 89, 90, 91, 92, 93, 94, 95, 96, 97, 98, 99, 100, 101, 102, 103, 104, 105, 106, 107, 108, 109, 110, 111, 112, 113, 114, 115, 116, 117, 118, 119, 120, 121, 122, 123, 124, 125, 126, 127, 128, 129, 130, 131, 132, 133, 134, 135, 136, 137, 138, 139, 140, 141, 142, 143, 144, 145, 146, 147, 148, 149, 150, 151, 152, 153, 154, 155, 156, 157, 158, 159, 160, 161, 162, 163, 164, 165, 166, 167, 168, 169, 170, 171, 172, 173, 174, 175, 176, 177, 178, 179, 180, 181, 182, 183, 184, 185, 186, 187, 188, 189, 190, 191, 192, 193, 194, 195, 196, 197, 198, 199, 200, 201, 202, 203, 204, 205, 206, 207, 208, 209, 210, 211, 212, 213, 214, 215, 216, 217, 218, 219, 220, 221, 222, 223, 224, 225, 226, 227, 228], "loss": [125.4419834471209, 116.09432286493357, 109.7492963255034, 101.9309166641209, 95.20353909047678, 91.7717544934864, 88.67862639476995, 85.2504814597779, 79.80128351846334, 76.56927169933182, 74.74315006351904, 72.23003631029636, 70.87542895904605, 68.27127645034965, 66.45199420501949, 64.2885972559355, 63.80115645126484, 62.24823312160014, 60.345127507909154, 58.98540155868763, 58.68352275733154, 56.648408785323326, 56.03524724887321, 55.77281094400099, 54.36596515374367, 54.041939619000736, 53.82283506567171, 53.35207988991562, 53.082561930475954, 53.082561930475954, 52.645237480833664, 52.645237480833664, 52.47545864109093, 52.47545864109093, 52.47545864109093, 52.47545864109093, 52.47545864109093, 52.41764101658006, 52.41764101658006, 52.41764101658006, 52.41764101658006, 52.41764101658006, 52.23031019243349, 52.23031019243349, 52.030084511980945, 51.45393236212901, 51.45393236212901, 51.45393236212901, 51.433429625046955, 51.433429625046955, 51.433429625046955, 51.433429625046955, 51.433429625046955, 51.433429625046955, 51.433429625046955, 50.87042393253981, 50.87042393253981, 50.77405158417575, 50.77405158417575, 50.482339352435474, 50.482339352435474, 50.482339352435474, 50.482339352435474, 50.474874954284424, 50.474874954284424, 50.474874954284424, 50.474874954284424, 50.474874954284424, 50.474874954284424, 50.474874954284424, 50.474874954284424, 50.474874954284424, 50.474874954284424, 50.474874954284424, 50.474874954284424, 50.474874954284424, 49.15653336868903, 49.15653336868903, 49.15653336868903, 49.15653336868903, 48.660610183432695, 48.660610183432695, 48.660610183432695, 48.660610183432695, 48.660610183432695, 48.660610183432695, 48.660610183432695, 48.660610183432695, 48.660610183432695, 48.57778721089302, 48.57778721089302, 48.57778721089302, 48.57778721089302, 48.57778721089302, 48.57778721089302, 48.57778721089302, 48.57778721089302, 48.57778721089302, 48.57778721089302, 48.57778721089302, 48.57778721089302, 48.57778721089302, 48.57778721089302, 48.57778721089302, 48.57778721089302, 48.57778721089302, 48.57778721089302, 48.57778721089302, 48.57778721089302, 47.76262723514927, 47.76262723514927, 47.76262723514927, 47.76262723514927, 47.76262723514927, 47.76262723514927, 47.76262723514927, 47.76262723514927, 47.76262723514927, 47.76262723514927, 47.76262723514927, 47.76262723514927, 47.76262723514927, 47.76262723514927, 47.76262723514927, 47.76262723514927, 47.76262723514927, 47.76262723514927, 47.76262723514927, 47.76262723514927, 47.72972829454496, 47.72972829454496, 47.5815386103783, 47.5815386103783, 47.41757040525918, 47.41757040525918, 47.2662060745802, 47.2662060745802, 47.2662060745802, 47.191084257411084, 46.882602715406826, 46.882602715406826, 46.78898427754592, 46.78898427754592, 46.78898427754592, 46.622908912576484, 46.6110361583499, 46.6110361583499, 46.6110361583499, 46.6110361583499, 46.6110361583499, 46.6110361583499, 46.6110361583499, 46.6110361583499, 46.6110361583499, 46.6110361583499, 46.6110361583499, 46.6110361583499, 46.6110361583499, 46.6110361583499, 46.606644764959256, 46.606644764959256, 46.606644764959256, 46.606644764959256, 46.606644764959256, 46.606644764959256, 46.0552188610402, 46.0552188610402, 46.0552188610402, 46.0552188610402, 46.0552188610402, 46.0552188610402, 46.0552188610402, 46.0552188610402, 46.0552188610402, 46.0552188610402, 46.0552188610402, 45.97996777858088, 45.389429842899396, 45.389429842899396, 45.24102813528805, 45.24102813528805, 45.22989195032085, 45.0814902427095, 45.035194045511695, 44.99386849740358, 44.99386849740358, 44.99386849740358, 44.87973569297094, 44.87973569297094, 44.87973569297094, 44.87973569297094, 44.87973569297094, 44.87644374770775, 44.87644374770775, 44.76000439139271, 44.75671244612952, 44.75671244612952, 44.75671244612952, 44.75671244612952, 44.75671244612952, 44.75671244612952, 44.75671244612952, 44.75671244612952, 44.75671244612952, 44.75671244612952, 44.75671244612952, 44.75671244612952, 44.666107245714585, 44.666107245714585, 44.666107245714585, 44.666107245714585, 44.666107245714585, 44.666107245714585, 44.666107245714585, 44.666107245714585, 44.666107245714585, 44.666107245714585, 44.666107245714585, 44.666107245714585, 44.666107245714585, 44.666107245714585, 44.666107245714585, 44.666107245714585, 44.666107245714585, 44.666107245714585, 44.666107245714585, 44.666107245714585, 44.666107245714585], "delta": [125.4419834471209, 9.34766058218733, 6.3450265394301795, 7.818379661382494, 6.7273775736441195, 3.431784596990383, 3.0931280987164484, 3.428144934992048, 5.449197941314566, 3.2320118191315146, 1.8261216358127825, 2.513113753222683, 1.3546073512503085, 2.6041525086964015, 1.8192822453301574, 2.163396949083989, 0.487440804670662, 1.5529233296647007, 1.9031056136909825, 1.3597259492215272, 0.30187880135608935, 2.0351139720082116, 0.6131615364501144, 0.26243630487222447, 1.4068457902573144, 0.3240255347429368, 0.219104553329025, 0.4707551757560893, 0.2695179594396677, 0.0, 0.4373244496422899, 0.0, 0.1697788397427331, 0.0, 0.0, 0.0, 0.0, 0.057817624510867915, 0.0, 0.0, 0.0, 0.0, 0.18733082414657076, 0.0, 0.2002256804525473, 0.5761521498519357, 0.0, 0.0, 0.020502737082054523, 0.0, 0.0, 0.0, 0.0, 0.0, 0.0, 0.5630056925071472, 0.0, 0.09637234836405639, 0.0, 0.29171223174027716, 0.0, 0.0, 0.0, 0.007464398151050489, 0.0, 0.0, 0.0, 0.0, 0.0, 0.0, 0.0, 0.0, 0.0, 0.0, 0.0, 0.0, 1.318341585595391, 0.0, 0.0, 0.0, 0.4959231852563377, 0.0, 0.0, 0.0, 0.0, 0.0, 0.0, 0.0, 0.0, 0.08282297253967386, 0.0, 0.0, 0.0, 0.0, 0.0, 0.0, 0.0, 0.0, 0.0, 0.0, 0.0, 0.0, 0.0, 0.0, 0.0, 0.0, 0.0, 0.0, 0.0, 0.8151599757437538, 0.0, 0.0, 0.0, 0.0, 0.0, 0.0, 0.0, 0.0, 0.0, 0.0, 0.0, 0.0, 0.0, 0.0, 0.0, 0.0, 0.0, 0.0, 0.0, 0.03289894060430498, 0.0, 0.14818968416665967, 0.0, 0.1639682051191258, 0.0, 0.15136433067898025, 0.0, 0.0, 0.07512181716911215, 0.3084815420042588, 0.0, 0.09361843786090418, 0.0, 0.0, 0.1660753649694371, 0.01187275422658729, 0.0, 0.0, 0.0, 0.0, 0.0, 0.0, 0.0, 0.0, 0.0, 0.0, 0.0, 0.0, 0.0, 0.004391393390640985, 0.0, 0.0, 0.0, 0.0, 0.0, 0.5514259039190534, 0.0, 0.0, 0.0, 0.0, 0.0, 0.0, 0.0, 0.0, 0.0, 0.0, 0.07525108245932444, 0.5905379356814819, 0.0, 0.14840170761134885, 0.0, 0.01113618496719937, 0.14840170761134885, 0.046296197197804645, 0.04132554810811229, 0.0, 0.0, 0.11413280443264284, 0.0, 0.0, 0.0, 0.0, 0.0032919452631929857, 0.0, 0.1164393563150341, 0.0032919452631929857, 0.0, 0.0, 0.0, 0.0, 0.0, 0.0, 0.0, 0.0, 0.0, 0.0, 0.0, 0.09060520041493447, 0.0, 0.0, 0.0, 0.0, 0.0, 0.0, 0.0, 0.0, 0.0, 0.0, 0.0, 0.0, 0.0, 0.0, 0.0, 0.0, 0.0, 0.0, 0.0, 0.0]}