{"generation": [1, 2, 3, 4, 5, 6, 7, 8, 9, 10, 11, 12, 13, 14, 15, 16, 17, 18, 19, 20, 21, 22, 23, 24, 25, 26, 27, 28, 29, 30, 31, 32, 33, 34, 35, 36, 37, 38, 39, 40, 41, 42, 43, 44, 45, 46, 47, 48, 49, 50, 51, 52, 53, 54, 55, 56, 57, 58, 59, 60, 61, 62, 63, 64, 65, 66, 67, 68, 69, 70, 71, 72, 73, 74, 75, 76, 77, 78, 79, 80, 81, 82, 83, 84, 85, 86, 87, 88, 89, 90, 91, 92, 93, 94, 95, 96, 97, 98, 99, 100, 101, 102, 103, 104, 105, 106, 107, 108, 109, 110, 111, 112, 113, 114, 115, 116, 117, 118, 119, 120, 121, 122, 123, 124, 125, 126, 127, 128, 129, 130, 131, 132, 133, 134, 135, 136, 137, 138, 139, 140, 141, 142, 143, 144, 145, 146, 147, 148, 149, 150, 151, 152, 153, 154, 155, 156, 157, 158, 159, 160, 161, 162, 163, 164, 165, 166, 167, 168, 169, 170, 171, 172, 173, 174, 175, 176, 177, 178, 179, 180], "loss": [139.9380613885442, 131.20613820606735, 123.54279928548733, 113.24351663075996, 108.44570845258077, 101.98509203827103, 98.0878057259312, 93.59183929615934, 89.57839296043981, 85.54952120827924, 82.76607379758202, 79.90825034983732, 77.50693840345296, 73.93698547909405, 73.0573408296417, 70.1257119532217, 67.74857822681464, 66.15967512500244, 63.39639935510605, 62.398664029128895, 61.282387459831895, 59.877901769741726, 58.89231586218458, 58.016408104065896, 56.92175152083926, 55.72753474355115, 53.58410092479409, 53.58410092479409, 52.57846580501807, 52.03564287670285, 51.454301094731, 50.84644555612185, 50.64440542230772, 50.35686598063278, 50.245457380723025, 49.738516478743875, 49.70590535989838, 49.70590535989838, 49.516255329205755, 49.181221921298, 48.80796615653931, 48.771040050037016, 48.604315569170694, 48.52911910291026, 48.39500574088943, 48.199941388406906, 48.199941388406906, 47.960625038780286, 47.664058443122435, 47.65879374575495, 47.65879374575495, 47.446427945954525, 47.446427945954525, 47.446427945954525, 47.446427945954525, 47.42703959229338, 47.42703959229338, 47.42703959229338, 47.022582350378826, 46.69385457432436, 46.67446622066322, 46.651975790109276, 46.651975790109276, 46.47944262522707, 46.30883171652932, 46.190302444715684, 46.190302444715684, 46.036139211349955, 45.596980154083745, 45.596980154083745, 45.53801695477703, 45.31737203530783, 44.736983528429626, 44.736983528429626, 44.0182163523875, 43.981743583634724, 43.76204360746782, 43.72557083871504, 43.592391733937355, 43.383529937606525, 43.057582062916175, 42.73592771006125, 42.73592771006125, 42.73592771006125, 42.657065840254006, 42.628167254767796, 42.628167254767796, 42.54399658898179, 42.54399658898179, 42.303030114190115, 42.23862227471656, 41.45556331052445, 41.37972426525696, 41.305008699783244, 41.19085799520438, 41.04503604029222, 41.04030338446318, 40.994239781712544, 40.933539179051564, 40.933539179051564, 40.88671457877296, 40.82105279291035, 40.82105279291035, 40.82105279291035, 40.82105279291035, 40.82105279291035, 40.82105279291035, 40.82105279291035, 40.82105279291035, 40.82105279291035, 40.82105279291035, 40.82105279291035, 40.82105279291035, 40.82105279291035, 40.82105279291035, 40.82105279291035, 40.82105279291035, 40.82105279291035, 40.82105279291035, 40.645853797182845, 40.645853797182845, 40.645853797182845, 40.645853797182845, 40.645853797182845, 40.645853797182845, 40.578759253670825, 40.515950105543524, 40.515950105543524, 40.515950105543524, 40.515950105543524, 40.515950105543524, 40.515950105543524, 40.44837249589885, 40.44837249589885, 40.44837249589885, 40.1326391444537, 40.1326391444537, 40.1326391444537, 40.1326391444537, 40.1326391444537, 40.1326391444537, 40.1315996756963, 40.1315996756963, 40.1315996756963, 40.1315996756963, 40.1315996756963, 40.1315996756963, 40.1315996756963, 40.1315996756963, 40.1315996756963, 40.1315996756963, 40.1315996756963, 40.1315996756963, 40.1315996756963, 40.1315996756963, 40.1315996756963, 40.1315996756963, 40.1315996756963, 40.1315996756963, 40.129575176120156, 40.129575176120156, 40.129575176120156, 40.129575176120156, 40.129575176120156, 40.129575176120156, 40.129575176120156, 40.129575176120156, 40.129575176120156, 40.129575176120156, 40.129575176120156, 40.129575176120156, 40.129575176120156, 40.129575176120156, 40.129575176120156, 40.129575176120156, 40.129575176120156, 40.129575176120156, 40.129575176120156, 40.129575176120156, 40.129575176120156], "delta": [139.9380613885442, 8.731923182476862, 7.663338920580017, 10.299282654727378, 4.7978081781791815, 6.46061641430974, 3.89728631233983, 4.495966429771869, 4.013446335719522, 4.028871752160569, 2.783447410697221, 2.857823447744707, 2.4013119463843537, 3.5699529243589154, 0.8796446494523451, 2.9316288764200067, 2.3771337264070524, 1.5889031018122068, 2.7632757698963886, 0.9977353259771533, 1.1162765692969998, 1.4044856900901692, 0.9855859075571445, 0.8759077581186858, 1.0946565832266373, 1.194216777288105, 2.1434338187570603, 0.0, 1.0056351197760236, 0.5428229283152177, 0.5813417819718509, 0.6078555386091509, 0.20204013381412977, 0.2875394416749373, 0.11140859990975827, 0.5069409019791493, 0.0326111188454945, 0.0, 0.18965003069262565, 0.3350334079077584, 0.3732557647586887, 0.036926106502292555, 0.1667244808663213, 0.07519646626043652, 0.1341133620208268, 0.1950643524825253, 0.0, 0.23931634962661974, 0.2965665956578505, 0.005264697367486804, 0.0, 0.21236579980042336, 0.0, 0.0, 0.0, 0.019388353661142332, 0.0, 0.0, 0.4044572419145567, 0.328727776054464, 0.019388353661142332, 0.022490430553943952, 0.0, 0.1725331648822035, 0.17061090869775342, 0.11852927181363526, 0.0, 0.154163233365729, 0.43915905726620963, 0.0, 0.05896319930671723, 0.22064491946920128, 0.5803885068782009, 0.0, 0.7187671760421281, 0.03647276875277328, 0.21969997616690762, 0.03647276875277328, 0.1331791047776889, 0.20886179633082946, 0.3259478746903497, 0.32165435285492805, 0.0, 0.0, 0.07886186980724119, 0.028898585486210493, 0.0, 0.0841706657860044, 0.0, 0.24096647479167643, 0.064407839473553, 0.7830589641921151, 0.07583904526748597, 0.07471556547371705, 0.11415070457886145, 0.1458219549121651, 0.004732655829037924, 0.04606360275063537, 0.06070060266097954, 0.0, 0.04682460027860458, 0.06566178586260918, 0.0, 0.0, 0.0, 0.0, 0.0, 0.0, 0.0, 0.0, 0.0, 0.0, 0.0, 0.0, 0.0, 0.0, 0.0, 0.0, 0.0, 0.17519899572750575, 0.0, 0.0, 0.0, 0.0, 0.0, 0.06709454351202027, 0.06280914812730032, 0.0, 0.0, 0.0, 0.0, 0.0, 0.06757760964467252, 0.0, 0.0, 0.3157333514451537, 0.0, 0.0, 0.0, 0.0, 0.0, 0.001039468757397799, 0.0, 0.0, 0.0, 0.0, 0.0, 0.0, 0.0, 0.0, 0.0, 0.0, 0.0, 0.0, 0.0, 0.0, 0.0, 0.0, 0.0, 0.0020244995761444784, 0.0, 0.0, 0.0, 0.0, 0.0, 0.0, 0.0, 0.0, 0.0, 0.0, 0.0, 0.0, 0.0, 0.0, 0.0, 0.0, 0.0, 0.0, 0.0, 0.0]}