{"generation": [1, 2, 3, 4, 5, 6, 7, 8, 9, 10, 11, 12, 13, 14, 15, 16, 17, 18, 19, 20, 21, 22, 23, 24, 25, 26, 27, 28, 29, 30, 31, 32, 33, 34, 35, 36, 37, 38, 39, 40, 41, 42, 43, 44, 45, 46, 47, 48, 49, 50, 51, 52, 53, 54, 55, 56, 57, 58, 59, 60, 61, 62, 63, 64, 65, 66, 67, 68, 69, 70, 71, 72, 73, 74, 75, 76, 77, 78, 79, 80, 81, 82, 83, 84, 85, 86, 87, 88, 89, 90, 91, 92, 93, 94, 95, 96, 97, 98, 99, 100, 101, 102, 103, 104, 105, 106, 107, 108, 109, 110, 111, 112, 113, 114, 115, 116, 117, 118, 119, 120, 121, 122, 123, 124], "loss": [142.46906569231015, 131.1139178328087, 123.56907666596939, 116.00260229322708, 109.56121240094515, 105.01156777295833, 99.21102728702009, 95.19041744625864, 91.22916353761164, 86.41308134541573, 81.33323993925389, 79.15781579394789, 75.51163665008818, 72.315976058667, 70.76441156835203, 68.71377397629739, 64.78496859051423, 62.73116105030375, 60.381822163270606, 56.81941502504011, 55.37502981981162, 54.55622561689656, 53.640698025091545, 52.78361170595832, 51.516358807270244, 50.29852253850431, 49.30992711967567, 49.06352639937867, 48.71677592886803, 48.090730408162884, 47.55777167817356, 46.93909594947683, 46.697299529220146, 46.047072923563896, 45.82107867252552, 45.66191340070956, 45.296309345204826, 44.860068463959244, 44.52162707989091, 44.43208102302085, 43.83229863257083, 43.40251869799598, 43.056732050973714, 42.61408814815202, 42.10321365131311, 41.909078875812135, 41.84761998771133, 41.68796064565735, 41.46417248090004, 41.329451028593816, 41.329451028593816, 40.99933776671553, 40.99933776671552, 40.99933776671552, 40.63319059053634, 40.59333681967157, 40.54908196350107, 40.349717136943326, 40.265608509908034, 39.96581435376834, 39.89332851141281, 39.59035790512134, 39.59035790512132, 39.5089644451111, 39.32904339809562, 39.329043398095614, 38.98675763984024, 38.91296566612601, 38.86458169350785, 38.606771433294476, 38.52644818432227, 38.52644818432226, 38.1175393308628, 38.11753933086279, 37.83898919043857, 37.67918301881052, 37.67797545382409, 37.472213116304125, 37.44962553316875, 37.31119937968963, 37.242655630662334, 37.142785721100935, 36.98606152286894, 36.98606152286894, 36.4995573843706, 36.42571055811944, 36.36778461388966, 36.36778461388966, 36.28300140515256, 36.22507546092281, 36.22507546092281, 36.22507546092281, 36.22507546092281, 36.22507546092281, 36.22507546092281, 36.22507546092281, 36.200272203496056, 36.183741695793536, 36.183741695793536, 36.00415551758084, 36.00415551758084, 36.00415551758084, 36.00415551758084, 35.58145307388919, 35.58145307388919, 35.58145307388919, 35.58145307388919, 35.58145307388919, 35.58145307388919, 35.58145307388919, 35.58145307388919, 35.58145307388919, 35.58145307388919, 35.58145307388919, 35.58145307388919, 35.58145307388919, 35.58145307388919, 35.58145307388919, 35.58145307388919, 35.58145307388919, 35.58145307388919, 35.58145307388919, 35.58145307388919, 35.58145307388919], "delta": [142.46906569231015, 11.355147859501443, 7.544841166839319, 7.566474372742306, 6.441389892281933, 4.549644627986822, 5.800540485938242, 4.020609840761452, 3.961253908646995, 4.816082192195907, 5.079841406161847, 2.175424145305996, 3.6461791438597118, 3.1956605914211735, 1.5515644903149735, 2.050637592054642, 3.928805385783164, 2.053807540210478, 2.3493388870331415, 3.5624071382304976, 1.4443852052284853, 0.8188042029150608, 0.9155275918050165, 0.8570863191332236, 1.2672528986880778, 1.2178362687659359, 0.9885954188286377, 0.24640072029700377, 0.346750470510635, 0.6260455207051479, 0.5329587299893248, 0.6186757286967293, 0.24179642025668358, 0.6502266056562505, 0.22599425103837234, 0.15916527181596507, 0.36560405550473263, 0.43624088124558114, 0.33844138406833224, 0.08954605687006278, 0.5997823904500166, 0.429779934574853, 0.34578664702226547, 0.4426439028216933, 0.510874496838909, 0.19413477550097724, 0.0614588881008018, 0.1596593420539847, 0.223788164757309, 0.13472145230622345, 0.0, 0.3301132618782887, 7.105427357601002e-15, 0.0, 0.366147176179183, 0.0398537708647666, 0.04425485617050384, 0.19936482655774057, 0.08410862703529176, 0.29979415613969707, 0.07248584235552613, 0.3029706062914741, 1.4210854715202004e-14, 0.08139346001022574, 0.17992104701547618, 7.105427357601002e-15, 0.3422857582553718, 0.07379197371422919, 0.04838397261816141, 0.2578102602133754, 0.08032324897220633, 7.105427357601002e-15, 0.40890885345946515, 7.105427357601002e-15, 0.27855014042422255, 0.15980617162804833, 0.001207564986430043, 0.20576233751996398, 0.02258758313537612, 0.13842615347911646, 0.06854374902729887, 0.09986990956139863, 0.15672419823199846, 0.0, 0.48650413849833996, 0.07384682625115602, 0.0579259442297797, 0.0, 0.08478320873710032, 0.05792594422975128, 0.0, 0.0, 0.0, 0.0, 0.0, 0.0, 0.024803257426754044, 0.016530507702519515, 0.0, 0.17958617821269485, 0.0, 0.0, 0.0, 0.422702443691648, 0.0, 0.0, 0.0, 0.0, 0.0, 0.0, 0.0, 0.0, 0.0, 0.0, 0.0, 0.0, 0.0, 0.0, 0.0, 0.0, 0.0, 0.0, 0.0, 0.0]}