{"generation": [1, 2, 3, 4, 5, 6, 7, 8, 9, 10, 11, 12, 13, 14, 15, 16, 17, 18, 19, 20, 21, 22, 23, 24, 25, 26, 27, 28, 29, 30, 31, 32, 33, 34, 35, 36, 37, 38, 39, 40, 41, 42, 43, 44, 45, 46, 47, 48, 49, 50, 51, 52, 53, 54, 55, 56, 57, 58, 59, 60, 61, 62, 63, 64, 65, 66, 67, 68, 69, 70, 71, 72, 73, 74, 75, 76, 77, 78, 79, 80, 81, 82, 83, 84, 85, 86, 87, 88, 89, 90, 91, 92, 93, 94, 95, 96, 97, 98, 99, 100, 101, 102, 103, 104, 105, 106, 107, 108, 109, 110, 111, 112, 113, 114, 115, 116, 117, 118, 119, 120, 121, 122, 123, 124, 125, 126, 127, 128, 129, 130, 131, 132, 133, 134, 135, 136, 137, 138, 139, 140, 141, 142, 143, 144, 145, 146, 147, 148, 149, 150, 151, 152, 153, 154, 155, 156, 157, 158, 159, 160, 161, 162, 163, 164, 165, 166, 167, 168, 169, 170, 171, 172, 173, 174, 175, 176, 177, 178, 179, 180, 181, 182, 183, 184, 185, 186, 187, 188, 189, 190, 191, 192, 193, 194, 195, 196, 197, 198, 199, 200, 201, 202, 203, 204, 205, 206, 207, 208, 209, 210, 211, 212, 213, 214, 215, 216], "loss": [156.34431185833424, 145.42813033123207, 133.76025156405117, 126.73354564457905, 121.60799905426454, 114.50652838876864, 108.82194093164789, 102.74782562694074, 99.13275283695893, 95.99273219814343, 91.31278832317075, 86.48905247381403, 84.04578461066066, 81.50588339765132, 79.77260734549156, 76.79790566431505, 75.28914513837026, 73.76762871250432, 71.71020342926296, 70.3595674593251, 68.88360284934198, 66.64176433652274, 65.43243999684047, 63.39536731060026, 62.54399182167811, 61.233111062469014, 61.06135919776025, 59.98413332183508, 59.52774152556899, 57.99962682147621, 57.35282557304965, 56.09132458252679, 55.55261727507162, 54.33216563891497, 53.36125292165007, 52.333998129797976, 52.03750164195111, 51.54877275005839, 51.40813664962335, 50.931227770139124, 50.931227770139124, 50.509850357167636, 50.350005290007445, 50.061482980893715, 49.932996630185514, 49.513695816895535, 49.513695816895535, 49.513695816895535, 49.252429735514355, 49.24806790245305, 49.179169490621376, 48.78876086948662, 48.78876086948662, 48.78876086948662, 48.55932604956675, 48.55932604956675, 48.33671112535446, 48.2789716868032, 48.01801302410766, 47.849645097754916, 47.56673145176665, 46.9384621223501, 46.444003496336606, 46.233233705173866, 46.145674353408744, 46.108661657596556, 45.86030483973254, 45.6218965038457, 45.6218965038457, 45.403429730531165, 45.173553281293586, 44.75859705344811, 44.40152210141684, 44.06155591409835, 43.54162729887356, 43.39963971196607, 43.39963971196607, 43.27925146263432, 43.12155363627903, 42.779762496779604, 42.779762496779604, 42.51738666054037, 42.51738666054037, 42.10317474070296, 42.10317474070296, 42.10317474070296, 41.943666711204195, 41.943666711204195, 41.943666711204195, 41.86547037436794, 41.86547037436794, 41.840284558092, 41.840284558092, 41.840284558092, 41.840284558092, 41.840284558092, 41.840284558092, 41.840284558092, 41.840284558092, 41.840284558092, 41.840284558092, 41.840284558092, 41.840284558092, 41.573559824732484, 41.573559824732484, 41.573559824732484, 41.509001713661924, 41.509001713661924, 41.509001713661924, 41.478063456323646, 41.463311015262384, 41.463311015262384, 41.354587008852725, 41.33983456779146, 41.33983456779146, 41.07735819813027, 41.062605757069015, 41.062605757069015, 40.97902830256375, 40.92084531415326, 40.90621580379683, 40.90621580379683, 40.90621580379683, 40.90621580379683, 40.90621580379683, 40.90621580379683, 40.90621580379683, 40.90621580379683, 40.90621580379683, 40.90621580379683, 40.90621580379683, 40.90621580379683, 40.65005205630308, 40.33837463436517, 40.33837463436517, 40.3255289465689, 40.082210886871415, 40.082210886871415, 40.082210886871415, 40.082210886871415, 40.082210886871415, 40.082210886871415, 40.082210886871415, 40.082210886871415, 40.082210886871415, 40.082210886871415, 40.082210886871415, 40.082210886871415, 40.082210886871415, 40.082210886871415, 40.082210886871415, 40.082210886871415, 40.082210886871415, 39.940450443955655, 39.940450443955655, 39.940450443955655, 39.940450443955655, 39.940450443955655, 39.940450443955655, 39.940450443955655, 39.940450443955655, 39.940450443955655, 39.940450443955655, 39.940450443955655, 39.940450443955655, 39.940450443955655, 39.940450443955655, 39.940450443955655, 39.940450443955655, 39.78033411044213, 39.78033411044213, 39.78033411044213, 39.78033411044213, 39.78033411044213, 39.78033411044213, 39.78033411044213, 39.78033411044213, 39.78033411044213, 39.78033411044213, 39.78033411044213, 39.78033411044213, 39.70089601863741, 39.70089601863741, 39.70089601863741, 39.70089601863741, 39.70089601863741, 39.70089601863741, 39.70089601863741, 39.70089601863741, 39.70089601863741, 39.353460043505116, 39.353460043505116, 39.353460043505116, 39.353460043505116, 39.353460043505116, 39.213796741178655, 39.213796741178655, 39.213796741178655, 39.213796741178655, 39.213796741178655, 39.213796741178655, 39.213796741178655, 39.213796741178655, 39.213796741178655, 39.213796741178655, 39.213796741178655, 39.213796741178655, 39.213796741178655, 39.213796741178655, 39.213796741178655, 39.213796741178655, 39.213796741178655, 39.213796741178655, 39.213796741178655, 39.213796741178655, 39.213796741178655], "delta": [156.34431185833424, 10.916181527102168, 11.667878767180895, 7.026705919472121, 5.125546590314514, 7.101470665495896, 5.684587457120756, 6.074115304707149, 3.6150727899818094, 3.1400206388155, 4.679943874972679, 4.823735849356723, 2.443267863153366, 2.539901213009344, 1.7332760521597521, 2.974701681176512, 1.508760525944794, 1.52151642586594, 2.0574252832413578, 1.350635969937855, 1.475964609983123, 2.2418385128192426, 1.2093243396822686, 2.037072686240215, 0.8513754889221445, 1.3108807592090983, 0.17175186470876724, 1.0772258759251656, 0.4563917962660895, 1.5281147040927792, 0.6468012484265628, 1.2615009905228618, 0.5387073074551694, 1.2204516361566462, 0.9709127172649019, 1.0272547918520942, 0.29649648784686633, 0.48872889189271973, 0.1406361004350387, 0.47690887948422755, 0.0, 0.4213774129714878, 0.15984506716019098, 0.28852230911373056, 0.1284863507082008, 0.41930081328997915, 0.0, 0.0, 0.26126608138118, 0.004361833061302889, 0.06889841183167533, 0.3904086211347533, 0.0, 0.0, 0.2294348199198737, 0.0, 0.22261492421228724, 0.05773943855125907, 0.26095866269554335, 0.16836792635274378, 0.2829136459882662, 0.6282693294165469, 0.4944586260134969, 0.21076979116273975, 0.08755935176512253, 0.037012695812187246, 0.2483568178640141, 0.23840833588684518, 0.0, 0.2184667733145318, 0.22987644923757955, 0.41495622784547237, 0.3570749520312759, 0.33996618731848827, 0.5199286152247922, 0.14198758690749003, 0.0, 0.12038824933174652, 0.15769782635528884, 0.34179113949942774, 0.0, 0.26237583623923655, 0.0, 0.41421191983740613, 0.0, 0.0, 0.15950802949876675, 0.0, 0.0, 0.07819633683625682, 0.0, 0.02518581627593619, 0.0, 0.0, 0.0, 0.0, 0.0, 0.0, 0.0, 0.0, 0.0, 0.0, 0.0, 0.2667247333595171, 0.0, 0.0, 0.06455811107056064, 0.0, 0.0, 0.030938257338277708, 0.014752441061261834, 0.0, 0.10872400640965907, 0.014752441061261834, 0.0, 0.2624763696611936, 0.014752441061254729, 0.0, 0.08357745450526721, 0.0581829884104863, 0.014629510356428455, 0.0, 0.0, 0.0, 0.0, 0.0, 0.0, 0.0, 0.0, 0.0, 0.0, 0.0, 0.25616374749375126, 0.31167742193791526, 0.0, 0.012845687796264826, 0.24331805969748643, 0.0, 0.0, 0.0, 0.0, 0.0, 0.0, 0.0, 0.0, 0.0, 0.0, 0.0, 0.0, 0.0, 0.0, 0.0, 0.0, 0.14176044291576062, 0.0, 0.0, 0.0, 0.0, 0.0, 0.0, 0.0, 0.0, 0.0, 0.0, 0.0, 0.0, 0.0, 0.0, 0.0, 0.16011633351352117, 0.0, 0.0, 0.0, 0.0, 0.0, 0.0, 0.0, 0.0, 0.0, 0.0, 0.0, 0.07943809180472527, 0.0, 0.0, 0.0, 0.0, 0.0, 0.0, 0.0, 0.0, 0.3474359751322922, 0.0, 0.0, 0.0, 0.0, 0.1396633023264613, 0.0, 0.0, 0.0, 0.0, 0.0, 0.0, 0.0, 0.0, 0.0, 0.0, 0.0, 0.0, 0.0, 0.0, 0.0, 0.0, 0.0, 0.0, 0.0, 0.0]}