{"generation": [1, 2, 3, 4, 5, 6, 7, 8, 9, 10, 11, 12, 13, 14, 15, 16, 17, 18, 19, 20, 21, 22, 23, 24, 25, 26, 27, 28, 29, 30, 31, 32, 33, 34, 35, 36, 37, 38, 39, 40, 41, 42, 43, 44, 45, 46, 47, 48, 49, 50, 51, 52, 53, 54, 55, 56, 57, 58, 59, 60, 61, 62, 63, 64, 65, 66, 67, 68, 69, 70, 71, 72, 73, 74, 75, 76, 77, 78, 79, 80, 81, 82, 83, 84, 85, 86, 87, 88, 89, 90, 91, 92, 93, 94, 95, 96, 97, 98, 99, 100, 101, 102, 103, 104, 105, 106, 107, 108, 109, 110, 111, 112, 113, 114, 115, 116, 117, 118, 119, 120, 121, 122, 123], "loss": [150.7867554288508, 137.49857752005255, 129.07995133957925, 122.33194044468213, 115.97900208092098, 110.40742430931256, 105.17160022318393, 98.26947634678393, 94.33419764062768, 89.70449640329447, 86.72689151400354, 84.38444146554288, 80.02881412546785, 76.73497672062727, 74.49563023623504, 70.85245643834921, 70.06950998575003, 68.50565899901001, 66.00057612506475, 66.00057612506475, 64.51682717642356, 63.589401972922865, 61.84444655566761, 60.61991514123761, 60.04159501359554, 58.9687736229658, 57.69984556451468, 56.832686438483286, 56.1697274049057, 55.46997531974991, 55.22851921802856, 54.11924628281366, 53.3514499147952, 52.17110484081779, 51.539116146759405, 50.391599080895595, 49.71852993805821, 49.58854384482946, 49.28626971823442, 49.28626971823442, 49.28369926612997, 49.27985296830054, 49.27985296830054, 49.13596144913971, 49.121849836732224, 49.121849836732224, 49.11543308679834, 48.89578094434064, 48.740348264876765, 48.73393151494289, 48.73393151494289, 48.73393151494289, 47.939399895610514, 47.939399895610514, 47.939399895610514, 47.660492898414695, 47.660492898414695, 47.660492898414695, 47.660492898414695, 47.660492898414695, 47.660492898414695, 47.660492898414695, 47.660492898414695, 47.660492898414695, 47.65582575974785, 47.65582575974785, 47.65582575974785, 47.65582575974785, 47.65582575974785, 47.65582575974785, 47.65582575974785, 47.65582575974785, 47.65582575974785, 47.50154166541266, 47.50154166541266, 47.50154166541266, 47.50154166541266, 47.50154166541266, 47.50154166541266, 47.50154166541266, 47.50154166541266, 47.50154166541266, 47.50154166541266, 47.50154166541266, 47.50154166541266, 47.50154166541266, 47.50154166541266, 47.50154166541266, 47.42008142667222, 47.42008142667222, 47.42008142667222, 47.28704316581508, 47.28704316581508, 47.28704316581508, 47.28704316581508, 47.28704316581508, 47.02104600535667, 47.02104600535667, 47.02104600535667, 47.02104600535667, 47.02104600535667, 47.02104600535667, 46.83247713117595, 46.83247713117595, 46.83247713117595, 46.83247713117595, 46.83247713117595, 46.83247713117595, 46.83247713117595, 46.83247713117595, 46.83247713117595, 46.83247713117595, 46.83247713117595, 46.83247713117595, 46.83247713117595, 46.83247713117595, 46.83247713117595, 46.83247713117595, 46.83247713117595, 46.83247713117595, 46.83247713117595, 46.83247713117595, 46.83247713117595], "delta": [150.7867554288508, 13.288177908798247, 8.418626180473296, 6.748010894897121, 6.3529383637611545, 5.571577771608418, 5.2358240861286305, 6.9021238763999975, 3.9352787061562537, 4.629701237333208, 2.97760488929093, 2.3424500484606625, 4.355627340075031, 3.2938374048405734, 2.239346484392229, 3.6431737978858365, 0.7829464525991767, 1.5638509867400217, 2.5050828739452555, 0.0, 1.4837489486411926, 0.9274252035006967, 1.7449554172552553, 1.2245314144299968, 0.5783201276420726, 1.0728213906297412, 1.2689280584511167, 0.867159126031396, 0.6629590335775859, 0.6997520851557866, 0.24145610172135434, 1.1092729352148964, 0.7677963680184661, 1.1803450739774064, 0.6319886940583856, 1.1475170658638092, 0.6730691428373845, 0.12998609322875154, 0.3022741265950373, 0.0, 0.0025704521044502826, 0.003846297829433354, 0.0, 0.14389151916083165, 0.01411161240748271, 0.0, 0.0064167499338836365, 0.21965214245769715, 0.1554326794638783, 0.006416749933876531, 0.0, 0.0, 0.7945316193323748, 0.0, 0.0, 0.27890699719581846, 0.0, 0.0, 0.0, 0.0, 0.0, 0.0, 0.0, 0.0, 0.0046671386668464265, 0.0, 0.0, 0.0, 0.0, 0.0, 0.0, 0.0, 0.0, 0.15428409433518908, 0.0, 0.0, 0.0, 0.0, 0.0, 0.0, 0.0, 0.0, 0.0, 0.0, 0.0, 0.0, 0.0, 0.0, 0.08146023874044062, 0.0, 0.0, 0.1330382608571412, 0.0, 0.0, 0.0, 0.0, 0.2659971604584044, 0.0, 0.0, 0.0, 0.0, 0.0, 0.18856887418072432, 0.0, 0.0, 0.0, 0.0, 0.0, 0.0, 0.0, 0.0, 0.0, 0.0, 0.0, 0.0, 0.0, 0.0, 0.0, 0.0, 0.0, 0.0, 0.0, 0.0]}